section,no,word,phonetic,meaning,example,memory,deriv,syn,ant,similar
A+1400,1,abate,/9'belt/,"减轻, 减少",,,,,,
A+1400,2,abbreviate,/9'bri:viet/,"缩写, 缩短",,,,,,
A+1400,3,aberrant,/2'berent/,"adj, 异常的, 反常的",,,,,,
A+1400,4,abet,/9'bet/,"教唆, 煽动, 协助",,,,,,
A+1400,5,abeyance,/a'beians/,"n, 中止, 暂缓",,,,,,
A+1400,6,abnegate,/'xbnigelit/,"v, , 放弃",,,,,,
A+1400,7,abound,/9'bavnd/,"v, 大量存在; 富于",,,,,,
A+1400,8,abridge,/9'brid3/,"下删碱, 缩短",,,,,,
A+1400,9,absolute,/'xbsolu:t/,"adj, 绝对的; 完全的; 专制的",,,,,,
A+1400,10,absolve,/9b'za:lv/,"免除, 赦免, 宣告无罪",,,,,,
A+1400,11,abstemious,/ieb'stimias/,a (饮食等方面 ) 有节制的; 节俭,,,,,,
A+1400,12,abstinence,/'xbstnons/,"n, 节制, 禁欲",,,,,,
A+1400,13,abstract,/'xbstrekt/,"adj, fA; n 摘要; v, 提取, 概括",,,,,,
A+1400,14,abstruse,/zxb'stru:s/,"adj, 难理解的",,,,,,
A+1400,15,absurd,/9b'ss:rd/,"adj, seh), seer HY",,,,,,
A+1400,16,abundance,/a'bandens/,"n, 大量",,,,,,
A+1400,17,abuse,/9'bju:s/(n.);/9'bju:;,"n, 滥用; 虐待; 恶习; v, 滥用; 虐待",,,,,,
A+1400,18,abut,/9'bAt/,"v, v, 邻接, 毗邻",,,,,,
A+1400,19,abysmal,/9'blzmel/,"adj, 极坏的, 糟糕的",,,,,,
A+1400,20,abyss,/a'bis/,"n, 深渊, 危险的处境",,,,,,
A+1400,21,accede,/ak'si:d/,"v, w 加入",,,,,,
A+1400,22,accelerate,/k'selerelt/,"v, 加速, 促进",,,,,,
A+1400,23,accent,/'xksent/,强调,,,,,,
A+1400,24,accentuate,/ek'sentfuelt/,"v, 强调",,,,,,
A+1400,25,accept,/k'sept/,接受; 同意; 承认,,,,,,
A+1400,26,accessible,/gk'sesebl/,"adj, 可进入的; 易理解的; 可得到的",,,,,,
A+1400,27,accession,/2k'sefan/,"n, 就职忆增加",,,,,,
A+1400,28,accessory,/ek'seseri/,"adj, 辅助的 附属的:",,,,,,
A+1400,29,acclaim,/e'kleim/,"v, /n, Ree, 喝彩",,,,,,
A+1400,30,acclimate,"/'xk.ll,mat/","v, v 使适应",,,,,,
A+1400,31,accolade,/'wxkeleid/,"n, 赞赏, 荣誉",,,,,,
A+1400,32,accommodate,/a'ka:madelt/,"v, A; 使适应; 调解; 提供住宿",,,,,,
A+1400,33,accord,/9'kord/,"n, 和谐, 一致, 协议",,,,,,
A+1400,34,accost,/9a'kost/,.不怀好意地拱训,,,,,,
A+1400,35,accountable,/9'kaUuntebl/,el y,,,,,,
A+1400,36,accrete,/ekri:t/,逐渐增长,,,,,,
A+1400,37,accustom,/a'kastam/,"v, f SRF",,,,,,
A+1400,38,accustomed,/a'kastom/,"adj, 习惯的",,,,,,
A+1400,39,acerbic,/'esatbik/,"adj, 2%) AY",,,,,,
A+1400,40,acknowledge,/ak'na:lid3/,"vi, KIUA, WRU, Zit",,,,,,
A+1400,41,acme,/'ekmi/,"n, 顶点, 极点",,,,,,
A+1400,42,acolyte,"/'zke,lalt/","n, 助手, 追随者",,,,,,
A+1400,43,acoustic,/9'ku:stIk/,"adj, 声音的, 听觉的",,,,,,
A+1400,44,acquaintance,/ea'kwelntens/,"n, 熟人",,,,,,
A+1400,45,acquiesce,/wkwi'es/,"默许, 勉强同意",,,,,,
A+1400,46,acquiescence,/xkwi'esons/,"n, 上默许",,,,,,
A+1400,47,acquisitive,/9'kwilzltiv/,"adj, 贪得无厌的",,,,,,
A+1400,48,activism,/'xktvizem/,"n, 行动主义, 激进主义",,,,,,
A+1400,49,acumen,/'ekjemen/,"n, 敏锐; 聪明; 洞察力",,,,,,
A+1400,50,acute,/9'kju:t/,"adj, "" NY; 敏锐的; 急性的",,,,,,
A+1400,51,ad hoc,/zd'ha:k/,"adj, /adv, #7) ACHE]. ni bt A LH)",,,,,,
A+1400,52,addict,/edikt/(n.);/o'dikt/,"n, bis vO. ELIE",,,,,,
A+1400,53,adequate,/'xdikwat/,"adj, AGH, i846",,,,,,
A+1400,54,admirable,/'xdmerebl/,"adj, 令人钦佩的, 极好的",,,,,,
A+1400,55,admonish,/ed'ma:nif/,"vi, tri, Bes Uy",,,,,,
A+1400,56,adopt,/e'da:pt/,"v, ARA. 采用, 收养",,,,,,
A+1400,57,adroit,/9'drolt/,"adj, 灵巧的, 机敏的",,,,,,
A+1400,58,adulation,/xdgelelfen/,"n, 奉承, , 话媚",,,,,,
A+1400,59,advanced,/ed'vanst/,agj. 先进的; 高级的; 晚期的,,,,,,
A+1400,60,advantageous,/xdvan'teidzas/,"adj, 有利的, 有益的",,,,,,
A+1400,61,adversarial,/wedver'serial/,"adj, 敌对的, 对抗性的",,,,,,
A+1400,62,adverse,/'xdva:rs/,"agj. 不利的, 有害的; 敌对的",,,,,,
A+1400,63,advocate,/'xdvekelt/(v.);/xd,"v, 提倡, 主张; n 拥护者; 律师",,,,,,
A+1400,64,aesthetic,/es'Qeuk/,"agj. 美学的, 审美的; n, 美感",,,,,,
A+1400,65,affable,/'xfobel/,"aj. 和洲可亲的, 友善的",,,,,,
A+1400,66,affiliate,/a'filiert/(v.);/e'flia,"v, 使附属; 加入; n, 附附属机构, 成员",,,,,,
A+1400,67,affinity,/9'fineti/,"n, 喜爱, 亲和力; 类同",,,,,,
A+1400,68,affirm,/9f3rm/,"肯定, 确认; 证实",,,,,,
A+1400,69,affluent,/'xfluant/,"adj, 富裕的, 丰富的",,,,,,
A+1400,70,aggravate,/'egravelt/,"vi, NE, 使恶化",,,,,,
A+1400,71,aghast,/9'gxst/,"adj, 惊骇的, 吓呆的",,,,,,
A+1400,72,alacrity,/a'lexkrati/,"n, fPGe, Fee",,,,,,
A+1400,73,alarmist,/elarmist/,"n, fea ATE; adj, alarmist",,,,,,
A+1400,74,albeit,/9:1'bir/,"conj, 尽管, 虽然",,,,,,
A+1400,75,alien,/eilign/,"n, 外国人; 外星",,,,,,
A+1400,76,all-encompassing,/o:lin'kampasin/,"adj, 包罗万象的",,,,,,
A+1400,77,alleviate,/9'liivielt/,"减轻, 缓解",,,,,,
A+1400,78,all-important,/o:lim'po:rtent/,"adj, 至关重要的, 首要的",,,,,,
A+1400,79,allure,/alor/,"v, /n, 诱惑, 吸引",,,,,,
A+1400,80,alternative,/9:1't3:rnativ/,"adj, 可供选择的; n 选择, 替代品",,,,,,
A+1400,81,altruistic,/xltru'lstIk/,"adj, 利他的, 无私的",,,,,,
A+1400,82,ambiguous,/xm'bigjues/,"adj, 含糊不清的, 引起歧义的",,,,,,
A+1400,83,ambivalent,/xm'bivelant/,"adj, 矛盾情绪的, 摇摆不定的",,,,,,
A+1400,84,ameliorate,/9'mi:ljerelt/,"v, v 改善, 减轻",,,,,,
A+1400,85,anachronistic,/anekra''nistik/,"adj, 时代错误的, 不合时宜的",,,,,,
A+1400,86,analogous,/9'nzleges/,"agj. 类似的, 相似的",,,,,,
A+1400,87,anathema,/e'nxpeme/,"n, 令人极其讨厌的事; 被诅响者",,,,,,
A+1400,88,anchor,/enker/,"v, 抛锚固定, 使稳",,,,,,
A+1400,89,anecdote,/'entkdout/,"n, 轶事, 趣闻",,,,,,
A+1400,90,animadversion,/xnimed'v3:r39n/,"n, L, ithe",,,,,,
A+1400,91,animate,/'enimett/,"adj, 有生命的",,,,,,
A+1400,92,annihilate,/a'nalelet/,"v, AR, FER 彻底击败",,,,,,
A+1400,93,anomaly,/9'na:meli/,"n, 异常; 反常事物",,,,,,
A+1400,94,anonymous,/9'na:nimes/,"adj, BAY",,,,,,
A+1400,95,antagonize,/2n'teganalz/,"v, v 对抗, 敌对, WOR",,,,,,
A+1400,96,antedate,/'entideit/,"在日期上早于, 先于",,,,,,
A+1400,97,antediluvian,/antidi'lu:vien/,"adj,; 陈旧的, 过时的",,,,,,
A+1400,98,anthropogenic,/exndrope'dzent/,"adj, 人为的, 人类活动产生的",,,,,,
A+1400,99,anticipate,/xn'tisipett/,"预期预料, 先于 … 行动",,,,,,
A+1400,100,antithesis,/zn'ti6asis/,"n, 对立面; 对照",,,,,,
A+1400,101,apathy,/'Lpedi/,"n, i, APR",,,,,,
A+1400,102,aplomb,/2'pla:m/,"n, 沉着, 镇静; 垂直",,,,,,
A+1400,103,apocryphal,/a'pa:krifal/,"adj, 虚假的, 可疑的; 伪经的",,,,,,
A+1400,104,apology,/2'pa:lad3i/,"n, as 辩护; 辩解",,,,,,
A+1400,105,appetite,/xpltat/,.食欲; 欲望,,,,,,
A+1400,106,appropriate,/e'proupriat//,"adj, ); adj, 适当的; v, 拨款; 占用",,,,,,
A+1400,107,approximate,/9'pra:ksimet/(adj.);,"adj, 近似的; vw 近似; 估计",,,,,,
A+1400,108,apt,/zpt/,"adj, 恰当的; 聪明的; , 有 … 倾向的",,,,,,
A+1400,109,arbitrary,/'a:rbitreri/,"adj, 任意的, 武断的",,,,,,
A+1400,110,arcane,/a:t'kein/,"adj, AHEBAY, ME TEMENEAY",,,,,,
A+1400,111,archaic,/air'kellk/,"adj, 古老的, 过时的",,,,,,
A+1400,112,archetype,/'airkitalp/,"n, 原型, 典型",,,,,,
A+1400,113,arouse,/9'ravz/,"v, adj, 辅助的s 引起; 激起",,,,,,
A+1400,114,arrest,/9'rest/,"v, /n, 建捕; 阻止; 吸引",,,,,,
A+1400,115,arrogant,/'xregent/,"adj, 傲慢的, 自大的",,,,,,
A+1400,116,artful,/'a:rtfal/,"adj, 巧妙的; BHA",,,,,,
A+1400,117,articulate,/air'tikjelelt/(v.);/a:,"v, 清晰地表达; adj, 表达清楚的",,,,,,
A+1400,118,artifact,/'a:rtlfakt/,"n, 人工制品, 手工艺品",,,,,,
A+1400,119,artificial,/arti'fifel/,"adj, 人造的; 虚假的; 矫揉造作的",,,,,,
A+1400,120,artless,/'airtles/,"adj, 朴实的; 自然的; 不矫饰的",,,,,,
A+1400,121,ascetic,/e'setik/,"adj, r4THY, ASARHY: n, 苦行者",,,,,,
A+1400,122,aspersion,/9'sp3:13n/,"n, 诽详, 中伤",,,,,,
A+1400,123,assert,/9's3irt/,"断言, 主张; 维护",,,,,,
A+1400,124,astonish,/a'stanf/,"使惊讶, 使吃惊",,,,,,
A+1400,125,astounding,/9'staundin/,"adj, 令人震惊的, 使人惊骇的",,,,,,
A+1400,126,astringent,/9'strind3ent/,"adj, FFA; 收敛性的; n, 收敛剂",,,,,,
A+1400,127,at a premium,/xt9'primiem/,"adj, 非常珍贵的, 溢价",,,,,,
A+1400,128,at odds with,/zxta:idzwid/,"adj, 与 … 不一致, 与.有争执",,,,,,
A+1400,129,atypical,/el'tipkel/,"agj. 非典型的, 不规则的",,,,,,
A+1400,130,audacious,/9:'defas/,"adj, 大胆的, 鲁其的; 创新的",,,,,,
A+1400,131,augment,/9:gment/,"下增加, 扩大",,,,,,
A+1400,132,auspicious,/9:'spljes/,"adj, 吉利的; 有前途的, 幸运的",,,,,,
A+1400,133,austere,/9:'stit/,"adj, 朴素的, 严峻的, THATHY",,,,,,
A+1400,134,authoritarian,/9.00:r9'terian/,"adj, 专制的, 独裁的; n, 独裁主义者",,,,,,
A+1400,135,autonomy,/9:'ta:nami/,"n, 自治, 自主权",,,,,,
A+1400,136,available,/a'veilabal/,"adj, 可获得的; 有空的; , 有效的",,,,,,
A+1400,137,avaricious,/xve'tlfes/,"adj, 贪禁的, 贪得无大的",,,,,,
A+1400,138,averse,/a'va:ts/,"adj, 反对的, 不愿意的",,,,,,
A+1400,139,avert,/a'vatt/,"vt, 避免, 防止; 转移",,,,,,
A+1400,140,awkward,/'o:kwerd/,"adj, 笨拙的, 塌粹的; 难处理的",,,,,,
A+1400,141,awry,/9'ral/,"adj, /adv, 出错的 [ 圳, 牌的 [地 ]",,,,,,
A+1400,142,badger,/'bxd3er/,"n, ih",,,,,,
A+1400,143,baffle,/'bafl/,"adj, 使困惑, 难住的; v, 使困惑, 阻碍",,,,,,
A+1400,144,balanced,/'balonst/,"adj, 平衡的; 公正的",,,,,,
A+1400,145,balk,/bo:k/,"vi, B, 拒绝; RF",,,,,,
A+1400,146,balloon,/ba'lu:n/,"n, 气球",,,,,,
A+1400,147,banal,/be'na:l/,"adj, 平庸的, 陈腐的",,,,,,
A+1400,148,bane,/bein/,"n, 祸根, 灾星",,,,,,
A+1400,149,banish,/'benf/,"v, v 放逐, 驱逐, 消除",,,,,,
A+1400,150,banter,/'bentor/,"n, 玩笑, 打趣; v, 开玩笑",,,,,,
A+1400,151,bargain,/'ba:rgan/,"n, 20s 特价商品; v, 讨价还价",,,,,,
A+1400,152,barrier,/'beriar/,"n, Bite, BEARS 界线",,,,,,
A+1400,153,baseless,/'belsles/,agj. 无根据的,,,,,,
A+1400,154,bedrock,/'bedra:k/,"n, 基岩; 基础",,,,,,
A+1400,155,beguile,/bl'gall/,欺骗 ! 迷住,,,,,,
A+1400,156,beholden,/bl'hovlden/,"adj, 欠人情的, 受惠的",,,,,,
A+1400,157,belabor,/bl'lelber/,过分宛长地讨论; 痛打,,,,,,
A+1400,158,belie,/bilal/,掩饰; 证明为假; 与 … 不符,,,,,,
A+1400,159,belligerent,/eee,"n, 交战国, 交战",,,,,,
A+1400,160,bemoan,/bi'moon/,"v, AR. Bite",,,,,,
A+1400,161,beneficent,/bi'nefisant/,"adj, 行善的, 仁慈的",,,,,,
A+1400,162,benevolent,/be'nevelent/,"adj, 仁慈的; FABEAY",,,,,,
A+1400,163,benign,/bl'nain/,"adj, PERI; 仁慈的; , 有利的",,,,,,
A+1400,164,betoken,/bl'touken/,"预示, 表示",,,,,,
A+1400,165,bias,/'bales/,"n, 偏见, 偏爱; v, 使存偏见",,,,,,
A+1400,166,blameless,/'blemles/,"adj, 无过错的, 清白的",,,,,,
A+1400,167,bland,/blznd/,"adj, 平淡的; 温和的",,,,,,
A+1400,168,blemish,/'blemif/,"n, H. 污点; VS. HAE",,,,,,
A+1400,169,blight,/blatt/,"n, adj, 辅助的s 破坏因素; v, 破坏, 摧残",,,,,,
A+1400,170,blunt,/blant/,pee 直言不讳的; vt 使迟钝,,,,,,
A+1400,171,boundary,/'bavndri/,"n, 边界, 分界线",,,,,,
A+1400,172,brake,/bretk/,"n, 刹车; 阻碍; 刹车; 阻止",,,,,,
A+1400,173,brandish,/'brendif/,挥舞; JME,,,,,,
A+1400,174,breakthrough,/'breik6ru:/,"n, F, HAv.",,,,,,
A+1400,175,breathtaking,/'bre6tetkig/,"adj, 激动人心的, 惊人的",,,,,,
A+1400,176,brevity,/'breveti/,"n, 简短, 简洁",,,,,,
A+1400,177,bridle,/'braidl/,"n, 2hFES6",,,,,,
A+1400,178,brook,/brok/,"v, ARA, FRIES n 小溪",,,,,,
A+1400,179,bucolic,/bju:'kalik/,"adj, 乡村的, 田园风光的",,,,,,
A+1400,180,budding,/'bAdin/,"adj, 萌芽的, 初露头角的",,,,,,
A+1400,181,buoy,/bo1/,"v, 鼓舞, 使浮起; n, 浮标, 救生圈",,,,,,
A+1400,182,burdensome,/'b3:tdensem/,"adj, 繁重的, 难以承担的",,,,,,
A+1400,183,burgeon,/'b3:rd3en/,"v, 迅速生长, 发展",,,,,,
A+1400,184,businesslike,/'biznaslaik/,"adj, 有效率的; 公事公办的",,,,,,
A+1400,185,buttress,/'batres/,"n, 文撑物; v, 3c, TTA",,,,,,
A+1400,186,bypass,/'balpas/,"v, v, 绕过, 回避; n 旁路",,,,,,
A+1400,187,callous,/'kxles/,"adj, 无情的, 冷漠的",,,,,,
A+1400,188,callow,/kxlod/,"adj, 幼稚的, 不老练的",,,,,,
A+1400,189,calumniate,/keJAmnielt/,"诽详, 中伤",,,,,,
A+1400,190,camaraderie,/ka:me'ra:deri/,"n, 情谊, 友情",,,,,,
A+1400,191,candid,/'kandid/,"adj, 坦率的, 直言的; 公正的",,,,,,
A+1400,192,canned,/kend/,"adj, 预先录制的; HERE",,,,,,
A+1400,193,canny,/keni/,"agj. 精明的, 谨慎的",,,,,,
A+1400,194,capricious,/ke'prifes/,"adj, 反复无常的, 任性的",,,,,,
A+1400,195,captivate,/'kaptivelt/,"迷住, 吸引",,,,,,
A+1400,196,capture,/keeptfer/,"v, s 夺得; 体现, n, 捕获; 战利",,,,,,
A+1400,197,ee,/karikeror/,"v, 将 … 画成漫",,,,,,
A+1400,198,castigate,/'kestigeit/,"v, adj, 辅助的 GE. WeST",,,,,,
A+1400,199,censor,/'sensor/,"n, 审查员",,,,,,
A+1400,200,censure,/'senfor/,"v, v, /n, 指责, 谍责",,,,,,
A+1400,201,centralized,/'sentralaizd/,"adj, 集中的, 中央集权的",,,,,,
A+1400,202,cerebral,/'serebrel/,"adj, KAMAN, FRAY",,,,,,
A+1400,203,chagrin,/fearin/,"n, 愧恼, 失望; ve",,,,,,
A+1400,204,challenging,/'thelend3in/,"adj, 富有挑战性的; 引起兴趣的",,,,,,
A+1400,205,champion,/'tkmpien/,"n, 冠军; 拥护者",,,,,,
A+1400,206,charity,/thenti/,"n, ee; 仁慈, WAS ROU",,,,,,
A+1400,207,chastise,/tfa'stalz/,"v, v 严惩, 责骂",,,,,,
A+1400,208,check,/tjek/,"v, v 检查; 抑制; n, 支票; 阻碍",,,,,,
A+1400,209,cheerless,/thrles/,"adj, 阴郁的, 沉疤的",,,,,,
A+1400,210,cherish,/'tferif/,"v, BR, WA",,,,,,
A+1400,211,chic,/fk/,"adj, 时比的, 雅致的",,,,,,
A+1400,212,chimera,/kal'mire/,"n, 劾想, 幻想; 假想的怪物",,,,,,
A+1400,213,choreograph,/ko:riegraf/,精心策划; 设计; Bast,,,,,,
A+1400,214,chutrlish,/'tfa:tlif/,agdj. 粗鲁无礼的,,,,,,
A+1400,215,circuitous,/serkju:ltes/,"adj, EEN; 绕行的; 间接的",,,,,,
A+1400,216,circumscribe,/'s3:trkeamskralb/,"v, v, 限制; 在周围画线",,,,,,
A+1400,217,circumspect,/'s3:tkemspekt/,"adj, 谨慎的, 周到的",,,,,,
A+1400,218,circumstantial,/s3:rkeam'stenfl/,"adj, 异常的; 依照情况的",,,,,,
A+1400,219,civic,/'stvik/,agdj. 城市的; 公民的,,,,,,
A+1400,220,civility,/s\'vilati/,"n, 4LGi. TAS",,,,,,
A+1400,221,clandestine,/klen'destin/,"adj, 秘密的, 暗中的",,,,,,
A+1400,222,clerical,/'klenkel/,"adj, 文书的; 牧师的",,,,,,
A+1400,223,clique,/kli:k/,"n, 小集团, 派系",,,,,,
A+1400,224,cloak,/klook/,"n, 斗篷; 伪装; v, 掩盖庶, 盖",,,,,,
A+1400,225,clot,/kla:t/,"n, 凝块; v, (使 ) 凝结",,,,,,
A+1400,226,clumsy,/klAmzi/,"adj, 笨拙的; 不得体的; 难处理的",,,,,,
A+1400,227,cluster,/'klastar/,"n, 群, 艇; v, RSE, DME",,,,,,
A+1400,228,coalesce,/kove'les/,"合并, 联合; 融合",,,,,,
A+1400,229,coherent,/kod'hirent/,"adj, 连贯的, 一致的; 清晰的",,,,,,
A+1400,230,collective,/kelektw/,"adj, 集体的, 共同的; n, 集体",,,,,,
A+1400,231,commonplace,/'ka:menplels/,"adj, 普通的, 平几的; oF ASE",,,,,,
A+1400,232,comparable,/'ka:mparebel/,"adj, 可比较的; 类似的",,,,,,
A+1400,233,compartmentalize,"”/kem,pa:rt'mentelalz","v, 划分, 分隔",,,,,,
A+1400,234,compelling,/kempelin/,"aj. 令人信服的, 强制性的",,,,,,
A+1400,235,compensate,/'ka:mpenseit/,"v, 4M2. Sth. HGH",,,,,,
A+1400,236,competing,/kempiztin/,"adj, 相互矛盾的; sesh",,,,,,
A+1400,237,complacent,/kemplelsent/,"aj. 自满的, 自鸣得意的",,,,,,
A+1400,238,complex,/'ka:mpleks/,"adj, 42 ARNT; n 建筑群; 情结",,,,,,
A+1400,239,complicated,/'ka:mplikeitd/,"aj. 复杂的, 难懂的",,,,,,
A+1400,240,composed,/kampoozd/,"adj, 镇静的, 沉着的",,,,,,
A+1400,241,comprehensible,/ka:mpri'hensibel/,"adj, 可理解的, 易于理解的",,,,,,
A+1400,242,comprehensive,/ka:mpri'hensiv/,"adj, FW, BANK, FRAY",,,,,,
A+1400,243,comprise,/kampralz/,"包含, 由 … 组成, 构成",,,,,,
A+1400,244,compromise,/ka:mpremalz/,"v, ps 折中; 危害",,,,,,
A+1400,245,compunction,/kemprokfn/,"n, 必次; 悔恨",,,,,,
A+1400,246,concede,/kan'si:d/,"v, ARIA: 让步; 授予",,,,,,
A+1400,247,conceivable,/kan'si:vabal/,"adj, 可想象的, 想得到的",,,,,,
A+1400,248,conciliate,/ken'silielt/,"v, v, 安抚, 调和",,,,,,
A+1400,249,concoct,/ken'kaikt/,"编造, 虚构; 调制",,,,,,
A+1400,250,condemn,/ken'dem/,"vi, te HE; 判刑",,,,,,
A+1400,251,condign,/kan'dain/,"adj, 应得的, 相当的",,,,,,
A+1400,252,conducive,/ken'duisw/,"adj, 有益的, 有助于 … 的",,,,,,
A+1400,253,confessional,/kan'fefanel/,"adj, 必悔的; 自白的",,,,,,
A+1400,254,confine,/ken'fain/,"n, 界限",,,,,,
A+1400,255,conform,/ken'fo:rm/,"v, v 符合, 遵守; 顺应",,,,,,
A+1400,256,confound,/ken'faond/,"v, 使混淆; 挫败",,,,,,
A+1400,257,confront,/ken'frAnt/,"面对; 对抗, 遭遇",,,,,,
A+1400,258,confused,/ken'fju:zd/,"adj, ARRAY: 混乱的",,,,,,
A+1400,259,conjecture,/kan'd3ekt{ar/,"n, /v, 推测, 猜想",,,,,,
A+1400,260,consensus,/ken'senses/,"n, 共识, 一致意见",,,,,,
A+1400,261,consequential,/ka:nsi'kwenfl/,oo FEAR有害的 Hee,,,,,,
A+1400,262,considerable,/ken'siderebel/,"adj, 相当大的, 重要的",,,,,,
A+1400,263,consistent,/ken'sistent/,"adj, 一致的, 连续的",,,,,,
A+1400,264,conspicuous,/ken'splkjues/,aj: 显眼的; 明显的,,,,,,
A+1400,265,constitute,/'ka:nstitu:t/,"组成, 构成, 设立",,,,,,
A+1400,266,constrain,/ken'strein/,"限制, 约束; 强迫",,,,,,
A+1400,267,construe,/ken'stru:/,wt 理解,,,,,,
A+1400,268,consummate,/kainsemelt/(v.);/kv.,"adj, 完美的, 圆满的",,,,,,
A+1400,269,consumption,/kan'sAmpfon/,"n, 消费; 消耗; 肺病",,,,,,
A+1400,270,contagious,/ken'telds9s/,agdj. 传染的; 有感染力的,,,,,,
A+1400,271,contemplate,/'ka:ntompleit/,沉思; 仔细考虑,,,,,,
A+1400,272,contemptuous,/ken'temptles/,"adj, 轻成的, 世视的",,,,,,
A+1400,273,contented,/ken'tentid/,"adj, 心满意足的, 满意的",,,,,,
A+1400,274,contentious,/ken'tenfes/,"adj, 有争议的, 好争吵的",,,,,,
A+1400,275,contingent,/ken'tind3ent/,"eh 分遗队, 小分",,,,,,
A+1400,276,contract,/kaintrekt/(n.);/kor,"n, 合同; Vv. 收缩; 感染",,,,,,
A+1400,277,contradict,/ka:ntra'dikt/,"v, a, WE: 与 … 了矛盾",,,,,,
A+1400,278,contravene,/ka:ntra'vi:n/,"违反, 违背",,,,,,
A+1400,279,controversial,/ka:ntre'va:fal/,"adj, 有和争议的, 引起争论的",,,,,,
A+1400,280,conundrum,/ke'nandram/,"n, HEB, Wz",,,,,,
A+1400,281,convoluted,/'ka:nvelu:tid/,"adj, 错综复杂的; 费解的",,,,,,
A+1400,282,convulsion,/kan'valfn/,"n, 抽搞, 动乱, mesh",,,,,,
A+1400,283,cooperate,/kod'a:perelt/,"下合作, 配合",,,,,,
A+1400,284,corroborate,/kera:berer/,"v, UES. WHE",,,,,,
A+1400,285,corrupt,/ke'rApt/,"adj, 腐败的",,,,,,
A+1400,286,counterforce,/'kaonterfo:rs/,"n, 反作用力, 对抗力量",,,,,,
A+1400,287,counterintuitive,/kaonterin'tuttiv/,"adj, 违反直觉的",,,,,,
A+1400,288,counterpart,/kaunterpairt/,"n, 相对应的人或物",,,,,,
A+1400,289,counterproductive,"”/,kadnterpre'dAktiv/","adj, 产生相反效果的, 事与愿违的",,,,,,
A+1400,290,courteous,/'ka:rties/,"adj, i. 有礼貌的; 谦恭的 = polite",,,,,,
A+1400,291,covert,/'koovett/,"adj, BFA, Beadj. 辅助的r’)",,,,,,
A+1400,292,covet,/'kavit/,"v, BR, HEE",,,,,,
A+1400,293,crab,/krab/,"n, VAR, ATR",,,,,,
A+1400,294,crafty,/krafti/,"adj, BERT, RITE",,,,,,
A+1400,295,crass,/Kraes/,"adj, ALATA, JEVBtEY)",,,,,,
A+1400,296,credit,/'kredit/,"n, /v, 信用; 信誉; 赞扬; 学分",,,,,,
A+1400,297,credulous,/'kred39les/,"adj, 轻信的, 易受骗的",,,,,,
A+1400,298,crestfallen,/'krestfo:len/,"adj, HES IE TUN, TLTENY",,,,,,
A+1400,299,crumble,/'krambel/,"n, A",,,,,,
A+1400,300,cryptic,/'kriptik/,"adj, 神秘的, 星涩难懂的",,,,,,
A+1400,301,cumbersome,/'kambersom/,"adj, 笨重的; 22H)",,,,,,
A+1400,302,cunning,/'kanin/,"adj, 狐独的, 巧妙的; BH",,,,,,
A+1400,303,cure-all,/kjor9:1/,"n, 万灵药",,,,,,
A+1400,304,cursory,/'k3:rseri/,"adj, 粗略的, 草率的",,,,,,
A+1400,305,curt,/ka:rt/,"adj, 简短的, 草率的",,,,,,
A+1400,306,curtail,/k3:r'tell/,"前减, 缩短",,,,,,
A+1400,307,dampen,/'dempen/,"使潮湿, 抑制, 减弱",,,,,,
A+1400,308,darken,/'da:rken/,"v, (使 ) 变暗; (使 ) 变得阴郁",,,,,,
A+1400,309,dated,/'deitid/,"aj. 过时的, 陈旧的",,,,,,
A+1400,310,daunting,/'do:ntin/,"adj, ARRAY, HEA AUREY",,,,,,
A+1400,311,dearth,/d3:16/,"n, 缺乏, 稀少",,,,,,
A+1400,312,debacle,/del'ba:kel/,".崩溃, 惨败",,,,,,
A+1400,313,debase,/di'bels/,"下降低品质, 贬低, 使贬值",,,,,,
A+1400,314,debunk,/di:'bagk/,"揭穿真相, 驶斥",,,,,,
A+1400,315,decay,/di'kel/,"v, /n, 腐烂, 腐朽; 衰败, 衰退",,,,,,
A+1400,316,decisive,/di'salsiv/,"adj, 果断的, 坚决的",,,,,,
A+1400,317,decline,/di'klain/,"v, /n, 下降; 拒绝; 衰落",,,,,,
A+1400,318,decorous,/'dekeres/,"a 和 dj 得体有礼的, 正派的",,,,,,
A+1400,319,decouple,/di:'kapel/,"v, AT. bi",,,,,,
A+1400,320,decrepit,/di'krepit/,"adj, 破旧的, 衰老的",,,,,,
A+1400,321,decry,/dikral/,"vi, i De. IPERS",,,,,,
A+1400,322,defame,/di'feim/,"v, RE. PG",,,,,,
A+1400,323,defect,/'di:fekt;di'fekt/,"n, 缺点; 缺陷; VIRAEs 背叛",,,,,,
A+1400,324,defection defective,/di'fekfn;di'fektiv/,"adj, 有缺了",,,,,,
A+1400,325,defend,/di'fend/,"v, 防御; 辩护",,,,,,
A+1400,326,deferential,/defe'renfal/,"adj, AEB. DAH",,,,,,
A+1400,327,defiant,/di'falent/,"aj. 违抗的, 挑央的",,,,,,
A+1400,328,defining,/di'fainig/,"adj, 最典型的, 起决定性作用的",,,,,,
A+1400,329,definite,/'definat/,"aj. 明确的, 一定的",,,,,,
A+1400,330,deflate,/divflat/,"m 挫败锐气), 紧缩 ( 通",,,,,,
A+1400,331,deflect,/dr'flekt/,in anne is,,,,,,
A+1400,332,deft,/deft/,"adj, ROTH), FARE",,,,,,
A+1400,333,degrade,/di'greid/,"降低, 贬低; 降解",,,,,,
A+1400,334,deify,/di:tfai/,"神化, 崇拜",,,,,,
A+1400,335,delegate,/'deligat/(n.);/'delig,"n, 代表; v, 委派, 授权",,,,,,
A+1400,336,deleterious,/dele'tiries/,"ad. BEM, wena eH",,,,,,
A+1400,337,deliberate,/diliberet/(adj.);/di,"adj, 故意的; 慎重的; v, 仔细考虑",,,,,,
A+1400,338,delight,/di'lalt/,"n, 高兴, 乐趣; v, 使高兴",,,,,,
A+1400,339,demanding,/di'mendin/,"adj, 要求高的, 费力的",,,,,,
A+1400,340,demarcate,/'di:ma:rkeit/,"v, v, 划分, 划定界限",,,,,,
A+1400,341,demise,/dl'malz/,"n, 死亡; 终止",,,,,,
A+1400,342,demur,/di'ma:t/,"n, 反对, 异议",,,,,,
A+1400,343,denounce,/d\'naons/,"谴责, 告发",,,,,,
A+1400,344,deplete,/du'pli:t/,"v, AS, SERIE",,,,,,
A+1400,345,deplore,/di'plo:t/,"v, AHL DE 5 BRP SZ XY",,,,,,
A+1400,346,deprecate,/'deprikeit/,"反对, 不赞成; 贬低",,,,,,
A+1400,347,depress,/di'pres/,"v, ARTHTEs 压低; 使萧条",,,,,,
A+1400,348,deride,/di'raid/,"v, A. WE",,,,,,
A+1400,349,derivative,/di'tivotw/,"adj, 衍生的, 缺乏独创性的; , n 衍生物",,,,,,
A+1400,350,derive from,/dl'ralvfra:m/,"源于, 来自",,,,,,
A+1400,351,design,/di'zaln/,"n, /Vv. 设计; 计划; 意图",,,,,,
A+1400,352,despair,/di'sper/,"n, /Vv. 绝望, 失望",,,,,,
A+1400,353,destructive,/dl'strAktIv/,"adj, 破坏性的, 毁灭性的",,,,,,
A+1400,354,detached,/dil'tetft/,"adj, SM; 超然的; 公正的",,,,,,
A+1400,355,detect,/dl'tekt/,"察觉, 发现, 侦查",,,,,,
A+1400,356,deter,/di'tir/,"阻止, 威慨",,,,,,
A+1400,357,deteriorate,/di'tirierelt/,"恶化, 退化, 变质",,,,,,
A+1400,358,detest,/dl'test/,"v, el: JRARs 痛恨",,,,,,
A+1400,359,detract,/dl'trekt/,"贬低, 减损",,,,,,
A+1400,360,detrimental,/detri'mentel/,"adj, 有害的, 不利的",,,,,,
A+1400,361,devious,/'di:vies/,"adj, 迁回的; 不诚实的",,,,,,
A+1400,362,devolve,/divalv/,"移交, 转让; 退化",,,,,,
A+1400,363,dexterous,/'dekstras/,"adj, 灵巧的, 熟练的",,,,,,
A+1400,364,diatribe,/'datatratb/,"n, ei. woe",,,,,,
A+1400,365,dichotomy,/dat'ka:tami/,"n, 二分法; 截然对立; 矛盾",,,,,,
A+1400,366,didactic,/daldxktIk/,"adj, 说教的, 教诲的",,,,,,
A+1400,367,diffident,/'difident/,"adj, 缺乏自信的, 状层的",,,,,,
A+1400,368,dilatory,/'dileto:ri/,"adj, 拖拉的, 拖延的",,,,,,
A+1400,369,dilemma,/di'leme/,"n, 困境, 进退两难",,,,,,
A+1400,370,diligent,/'dilidgent/,"adj, Bf, ZARA",,,,,,
A+1400,371,dim,/dim/,"adj, 异上暗的, 暗淡的; v, 变暗淡",,,,,,
A+1400,372,diminish,/di'minif/,"7. 减少, 减小, 降低",,,,,,
A+1400,373,diminutive,/di'minjativ/,"agj: 小的, 小型的; n, 微小物",,,,,,
A+1400,374,discard,/dis'kard/,"v, /n EF, 抛弃",,,,,,
A+1400,375,disciple,/di'salpel/,"n, 门徒, 信徒",,,,,,
A+1400,376,discomfit,/dis'kAmfit/,挫败; 使则粹,,,,,,
A+1400,377,discordance,/dls'ko:rdens/,"n, 不一致, 不调和",,,,,,
A+1400,378,discredit,/qiskreadit/,"adj, 辅助的 WRB sn.",,,,,,
A+1400,379,discrepant,/di'skrepent/,"adj, 有差异的; 不一致的",,,,,,
A+1400,380,discretionary,/di'skrefaneri/,"adj, ABR, BUNA",,,,,,
A+1400,381,discriminate,/di'skrimineit/,"区分; 辨别; 歧视, 区别对待",,,,,,
A+1400,382,discrimination,/disktimt'nefn/,"n, 歧视; 辨别; 区别; 识别力",,,,,,
A+1400,383,discursive,/dis'k3:rsw/,"adj, 散漫的, 离题的",,,,,,
A+1400,384,disenchant,/disin'tfent/,"使清醒, 使不再着迷",,,,,,
A+1400,385,disgorge,/dis'gy:rd3/,吐出; 被迫交出; 倾注,,,,,,
A+1400,386,disgruntle,/dis'grAntel/,"使不满, 使不高兴",,,,,,
A+1400,387,disinclination,/disinkllnelfen/,"n, 不愿意, 厌恶",,,,,,
A+1400,388,disingenuous,/disin'd3zenjuas/””,"adj, 不真诚的, 不坦率的",,,,,,
A+1400,389,disintegrate,/dls'intigrat/,"v, BLfit, APRs 碎裂",,,,,,
A+1400,390,disinterested,/dis'intristid/,"adj, 公正的, 无私的; 不感兴趣的",,,,,,
A+1400,391,dismantle,/dis'mzntel/,"拆开, 拆除, 废除",,,,,,
A+1400,392,dismiss,/dismis/,解雇; 不予考虑; BEL,,,,,,
A+1400,393,disorganize,/dls'9:rganalz/,"vi, tal. 打乱",,,,,,
A+1400,394,disparage,/dl'sparids/,"vi, NER. 轻视",,,,,,
A+1400,395,disparate,/'disparat/,"adj, APAIAT. FRAY",,,,,,
A+1400,396,dispassionate,/dis'pafenet/,"adj, 冷静的, 客观的",,,,,,
A+1400,397,dispatch,/di'speet{/,"v, /n, 派遗; 迅速处理; 急件",,,,,,
A+1400,398,dispel,/di'spel/,"v, v 驱散, 消除",,,,,,
A+1400,399,displace,/dis'pleis/,取代; 迫使离开; 排水,,,,,,
A+1400,400,disproportionate,/dispre'p9:tfJan9t/,"adj, 不成比例的, 太大的",,,,,,
A+1400,401,disregard,/distl'ga:rd/,"n, 忽视, 漠视",,,,,,
A+1400,402,dissemble,/di'sembl/,"掩饰假装, 掩盖 (真实情感 )",,,,,,
A+1400,403,dissimilar,/di'simler/,"adj, 不同的, 不相似的",,,,,,
A+1400,404,distend,/di'stend/,"v, (fi) 膨胀, (使 ) 扩张",,,,,,
A+1400,405,distinctive,/dl'stinktiv/,"adj, 独特的, 有特色的",,,,,,
A+1400,406,divergent,/datv3:rdsent/,"adj, 有分歧的; 不同的",,,,,,
A+1400,407,diversity,/dalva:rseti/,"n, 多样性, 差异",,,,,,
A+1400,408,diverting,/datvairtin/,"adj, 有趣的, 消遗的",,,,,,
A+1400,409,divided,/di'vaidid/,"adj, 7H; 有分歧的",,,,,,
A+1400,410,divorced,/di'vo:rst/,"adj, 离婚的; 分离的, 脱离的",,,,,,
A+1400,411,doctrinaire,/daiktri'ner/,"adj, 空谈理论的, 教条主义的",,,,,,
A+1400,412,documentary,/da:kja'mentri/,"n, 纪录片; adj, 文件的, 记录的",,,,,,
A+1400,413,dogmatic,/do:gmatk/,"agdj 教条的, 武断的",,,,,,
A+1400,414,doom,/du:m/,"v, 注定失败",,,,,,
A+1400,415,douse,/davs/,"v, 浇灭; BA",,,,,,
A+1400,416,dovish,/'davif/,"adj, 镶派的, 温和的, 主张和平的",,,,,,
A+1400,417,downplay,/dawn'plei/,"下轻描淡写, 贬低",,,,,,
A+1400,418,drag,/dreg/,"vi, i: n, 拖累; 令人厌烦的人 / 事",,,,,,
A+1400,419,dramatic,/dre'matik/,"agj: 戏剧的; 戏剧性的, 巨大的",,,,,,
A+1400,420,draw,/dro:/,"vi, ll; 拉; 吸引; 得出; n, 平局",,,,,,
A+1400,421,dreary,/'driri/,"adj, BUH, BABE: 4 HIER",,,,,,
A+1400,422,droll,/droul/,"adj, FARA, Tr PA ERAY",,,,,,
A+1400,423,dubious,/'du:bies/,"adj, 怀疑的, 不确定的",,,,,,
A+1400,424,dull,/an/,oR 迟钝的; 阴暗的; v 使迟,,,,,,
A+1400,425,dump,/damp/,"v, v, 倾倒; 丢弃; n 上垃圾场; 转储",,,,,,
A+1400,426,duplicate,/'du:pliket;'du:plikent,"v, w. 复制; adj, 复制的; n, 复制品",,,,,,
A+1400,427,duplicity,/du:'pliseti/,"n, 欺骗",,,,,,
A+1400,428,durable,/'dorebel/,ad. RANT. mn FAY,,,,,,
A+1400,429,dwindle,/'dwindl/,"逐渐减少, 缩小",,,,,,
A+1400,430,easygoing,/i:zi'gouin/,"adj, 随和的, 温和的",,,,,,
A+1400,431,ebb,/eb/,"n, 退潮, 谚退",,,,,,
A+1400,432,eclipse,/tklips/,"n, 日食, 月食; 衰落",,,,,,
A+1400,433,economy,/\'ka:nemi/,"adj, 经济的, 廉价的",,,,,,
A+1400,434,ecstasy,/'ekstesi/,"n, JER, 入迷",,,,,,
A+1400,435,efficacious,/efikelfes/,"adj, 有效的, 灵验的",,,,,,
A+1400,436,effusive,/\'fju:siv/,"adj, 感情奔放的, 溢于言表的",,,,,,
A+1400,437,egalitarian,/\gli'terian/,"adj, 平等主义的; n 平等主义者",,,,,,
A+1400,438,egregious,/1'gri:d39s/,ad BIRT. BAW TAY,,,,,,
A+1400,439,elate,/Vleit/,"使兴高采烈, 使欢欣鼓舞",,,,,,
A+1400,440,elegiac,/el'dgatak/,"adj, 衣悼的, 挽歌的",,,,,,
A+1400,441,elementary,/.ellmenteri/,"adj, 基本的; 初级的",,,,,,
A+1400,442,elicit,/'listt/,"v, -5lth. Bet",,,,,,
A+1400,443,eliminate,/\'limineit/,"vt, 消除; 排除",,,,,,
A+1400,444,elongate,/1'1o:9gelt/,"v, ps, WE",,,,,,
A+1400,445,elusive,/vlu:siv/,"adj, 难懂的, 难以捉摸的, 逃避的",,,,,,
A+1400,446,embed,/im'bed/,"v, ARA HES 使深留脑中",,,,,,
A+1400,447,emblematic,/emble'maetIk/,"adj, 象征性的, 典型的",,,,,,
A+1400,448,embody,/im'ba:di/,"体现包含, 化身",,,,,,
A+1400,449,embrace,/Im'brels/,"v, /n, 拥抱; 接受; 包含",,,,,,
A+1400,450,embryonic,/embri'anik/,"adj, RIRH): 未成熟的, 初期的",,,,,,
A+1400,451,emendation,/iimen'delfen/,"n, 修订, 修改",,,,,,
A+1400,452,emergent,/Il'm3:rdsent/,"adj, 新兴的, 浮现的",,,,,,
A+1400,453,eminent,/'eminent/,"adj, 著名的, 杰出的; 明显的",,,,,,
A+1400,454,empirical,Jem'pirikel/,ee 以观察或实验为依,,,,,,
A+1400,455,employ,/1m'ploi/,"v, A: 使用, 利用",,,,,,
A+1400,456,empower,/1m'paver/,"v, -BAL, BERENS",,,,,,
A+1400,457,emulate,/'emjolett/,"效仿, 努力赶上",,,,,,
A+1400,458,enamor,/\nemer/,"使倾心, 使迷恋",,,,,,
A+1400,459,encomium,/en'komigm/,"n, 赞扬, , 颁词",,,,,,
A+1400,460,encumber,/In'kAmber/,"v, v, 阻碍, 拖累",,,,,,
A+1400,461,encyclopedic,"/in,salkle'pi:dik/","adj, RRL SSH). 知识广博的",,,,,,
A+1400,462,endemic,/en'demik/,"adj, 地方性的; 某地特有的",,,,,,
A+1400,463,endorse,/In'do:rs/,"赞同, 支持; 背书",,,,,,
A+1400,464,endowment,/\n'daoment/,"n, 天赋; 捐赠; 基金",,,,,,
A+1400,465,enduring,/Iin'durin/,"adj, RANT, MAHI",,,,,,
A+1400,466,energize,/'enardgaiz/,"激励, 使精力充沛",,,,,,
A+1400,467,enfeeble,/In'fi:bel/,"使衰弱, 使无力",,,,,,
A+1400,468,engaging,/in'geid3in/,"adj, 迷人的, 有了吸引力的",,,,,,
A+1400,469,engender,/In'd3ender/,"产生, 引起",,,,,,
A+1400,470,enhance,/in'hens/,"+ 提高, 增强",,,,,,
A+1400,471,enigmatic,/Enigmetk/,"adj, 神秘的, 难以理解的",,,,,,
A+1400,472,enrich,/in'ttef/,"使富足, 使丰富, 浓缩",,,,,,
A+1400,473,ensue,/In'su:/,"接着发生, 因而产生",,,,,,
A+1400,474,entangle,/in'tengl/,"使纠缠, 使陷入",,,,,,
A+1400,475,enterprising,/enterpraizin/,"adj, 有事业心的, 有进取心的",,,,,,
A+1400,476,entreat,/in'tri:t/,"v, BOR, ZK",,,,,,
A+1400,477,entrench,/in'trent{/,"vi, LE, Waxes 挖战壕",,,,,,
A+1400,478,envy,/envi/,"v, / 0.464, Be",,,,,,
A+1400,479,ephemeral,/\'femeral/,"adj, 短暂的, 瞬息的",,,,,,
A+1400,480,equable,/'ekwebel/,"adj, 稳定的; 平静的",,,,,,
A+1400,481,equanimity,/ikwe'nimeti/,"n, 平静, 镇定",,,,,,
A+1400,482,equivalent,/\'kwivelent/,"adj, 异常的, SIA): n, 等价物",,,,,,
A+1400,483,equivocal,/I'kwivekel/,"adj, 模楼两可的, 含糊的",,,,,,
A+1400,484,errant,/'erant/,"adj, 犯错的; 偏离正路的; 周游的",,,,,,
A+1400,485,erratic,/ratIk/,"adj, 不稳定的, 无常的",,,,,,
A+1400,486,erroneous,/\'toonies/,"adj, 错误的; 不正确的",,,,,,
A+1400,487,erstwhile,/'3:tstwall/,"adj, 从前的, 过去的",,,,,,
A+1400,488,erudite,/'eredait/,"adj, 博学的, 浏博的",,,,,,
A+1400,489,eschew,/is'tfu:/,"下避开, 避人免",,,,,,
A+1400,490,esoteric,/ese'terlk/,"adj, 深奥的, 难懂的; 秘传的",,,,,,
A+1400,491,espouse,/\'spavz/,"vi, cky: J",,,,,,
A+1400,492,essential,/\'senfal/,"Pin 本质的; 0. BER, 本",,,,,,
A+1400,493,established,/\'steblift/,"adj, 已确立的; 著名的; 既定的",,,,,,
A+1400,494,estrange,/\'streind3/,"v, f. RATA]",,,,,,
A+1400,495,eternal,/\'t3rnal/,"adj, 永恒的, 永久的",,,,,,
A+1400,496,eulogize,/'ju:led3alz/,"vi, E, 颂扬",,,,,,
A+1400,497,euphoria,/ju:'fo:rie/,JER 兴奋,,,,,,
A+1400,498,evanescent,/evengsont/,"adj, KFA, WEE",,,,,,
A+1400,499,evasive,/\'veisw/,"adj, (HEH), HEv.AY: 难以捉摸的",,,,,,
A+1400,500,evenhanded,/ivn'hendd/,"adj, 公平的, 不偏不倚的",,,,,,
A+1400,501,evolve,/\'va:lv/,":发展, 进化逐步形成",,,,,,
A+1400,502,exacerbate,/1g'zesarbeit/,"v, v 使恶化, 加剧",,,,,,
A+1400,503,exacting,/ig'zektig/,"adj, FAINT, BER RAY",,,,,,
A+1400,504,exactitude,/1g'zektitu:d/,"n, 精确, 严谨",,,,,,
A+1400,505,exaggerate,/1g'zedzereit/,"v, EK, ik",,,,,,
A+1400,506,exalt,/1g'zo:lt/,"赞美, 歌颂; 提升, 提氢",,,,,,
A+1400,507,exasperate,/1g'zxspareit/,"激怒, 使恶化",,,,,,
A+1400,508,exceptional,/Iksepfanel/,"adj, FAY. AQHA: 例外的",,,,,,
A+1400,509,excoriate,/Iksko:rieit/,"vi, "" aE 擦伤皮肤",,,,,,
A+1400,510,exemplar,/1g'zempla:r/,"n, 模范, 榜样",,,,,,
A+1400,511,exhaustive,/\g'zo:stiv/,"adj, EM. FRAT",,,,,,
A+1400,512,exigent,/'eksidzent/,"adj, RAM, IHN; FRAY",,,,,,
A+1400,513,exiguous,/eg'zigjues/,"agdj. 稀少的, 微小的",,,,,,
A+1400,514,exonerate,/\g'za:nereit/,"v, 免除责任, 证明无罪",,,,,,
A+1400,515,expansion,/Ik'spxnfen/,"n, 扩张, 扩大",,,,,,
A+1400,516,expel,/ik'spel/,驱逐; 排出,,,,,,
A+1400,517,experimental,"/ik,spert'mentel/","adj, 实验性的; 试验的",,,,,,
A+1400,518,explicit,/Ik'splistt/,"adj, 明确的, 清楚的",,,,,,
A+1400,519,exploit,/eksploit/(n.);/Ik'sE,"0 功绩, 英勇行为; v, 剥前; 利用",,,,,,
A+1400,520,external,/Ik'st3:rnel/,"adj, 外部的; 外来的; n, 外部",,,,,,
A+1400,521,extinguish,/Ikstiggwif/,"vi, R, FDR; 使破灭",,,,,,
A+1400,522,extirpate,/'eksterpelt/,"根除, 消灭, 灭绝",,,,,,
A+1400,523,extol,/Ik'stoul/,"vi, R, 颂扬",,,,,,
A+1400,524,extraneous,/Ik'streinias/,"adj, 外来的; 无关的",,,,,,
A+1400,525,extrapolate,/Ikstrepalett/,"v, AEDT. HERI",,,,,,
A+1400,526,extravagant,/Ik'strevagent/,"adj, FH, IRB: 过分的",,,,,,
A+1400,527,extremist,/Ik'stri:mpst/,"n, 极端主义者; adj, 极端主义的",,,,,,
A+1400,528,exuberant,/ig'zu:barent/,ee 热情洋溢的; 繁茂,,,,,,
A+1400,529,eye-catching,"/'at,katfin/","adj, 引人注目的, 泡眼的",,,,,,
A+1400,530,facile,/fesel/,"adj, 轻易得到的; 肤浅的",,,,,,
A+1400,531,facilitate,/fe'sltelt/,"促进, 使容易",,,,,,
A+1400,532,factious,/fakfes/,"adj, 好搞派系的, 派系争斗的",,,,,,
A+1400,533,fallacious,/fe'lelfes/,"adj, 雇误的, 错误的",,,,,,
A+1400,534,fanciful,/'fensifal/,"adj, 想象的, 奇特的",,,,,,
A+1400,535,fascinate,/fasinelt/,"下深深吸引, 使着迷",,,,,,
A+1400,536,fastidious,/fx'stidies/,"adj, 挑罗的, 过分讲究的",,,,,,
A+1400,537,fault,/fo:lt/,"n, 过错; 缺点; 故障; v, 挑史, 指责",,,,,,
A+1400,538,favorable,/feiverabl/,"adj, AFA, FRAY",,,,,,
A+1400,539,feckless,/'feklas/,"adj, 无效的, 不负责任的",,,,,,
A+1400,540,feeble,/fi:bal/,"adj, 虚弱的; 无效的",,,,,,
A+1400,541,feedback,/fi:dbek/,"n, 反馈有, 反应",,,,,,
A+1400,542,feign,/fein/,"v, v 假装, 伪装",,,,,,
A+1400,543,felony,/'feloni/,"n, q. 重罪",,,,,,
A+1400,544,ferocious,/fe'roofes/,"adj, 残忍的",,,,,,
A+1400,545,fertile,/fartel/,"adj, 富侯的, 肥沃的",,,,,,
A+1400,546,fervent,/farvent/,"adj, 热情的热, 烈的",,,,,,
A+1400,547,fervid,/'farvid/,"adj, 热心的, 热情的",,,,,,
A+1400,548,fervor,/fairver/,"0 热情, 热烈",,,,,,
A+1400,549,fester,/festar/,"v, 腐烂",,,,,,
A+1400,550,fetid,/'feud/,"adj, BRN",,,,,,
A+1400,551,fetishize,"/feu,aiz/","v, B AREAS",,,,,,
A+1400,552,fetter,/feter/,束缚,,,,,,
A+1400,553,fickle,/fikel/,"adj, FAR HY",,,,,,
A+1400,554,fictitious,/fik'tifes/,"adj, 虚假的",,,,,,
A+1400,555,fidelity,/fl'deliti/,"n, 患诚",,,,,,
A+1400,556,fierce,/fiars/,"adj, 凶猛的, 猛烈的",,,,,,
A+1400,557,fiery,/'farri/,"adj, 暴躁的",,,,,,
A+1400,558,figment,/'igment/,"n, 虚构的事",,,,,,
A+1400,559,figurative,/figarativ/,"adj, 比喻的, 象征的",,,,,,
A+1400,560,filter,/filtar/,"n, 过滤器",,,,,,
A+1400,561,fitting,/fitig/,"adj, 合适的, 相称的; n, 设备, 家具",,,,,,
A+1400,562,fixate,/fikselt/,"注视, 凝视; 执着于",,,,,,
A+1400,563,flagrant,/fleigrent/,"adj, 公然的, 奥名昭著的",,,,,,
A+1400,564,fleeting,/fli:un/,"a 和 gj. 短暂的, 飞逝的",,,,,,
A+1400,565,flexibility,/flekse'blileti/,"n, 灵活性, 弹性",,,,,,
A+1400,566,flourish,/flarif/,"v, SR. 茂盛; 挥舞 n, 华丽辞藻",,,,,,
A+1400,567,flout,/flavt/,"v, AS PRL BBL",,,,,,
A+1400,568,fluctuate,/'flaktfueit/,"v, v, 波动, 起伏",,,,,,
A+1400,569,flummery,/'flAmeri/,"n, 奉承, 废话; 无用的装饰",,,,,,
A+1400,570,flummox,/'flAmeks/,"使困惑, 使混乱",,,,,,
A+1400,571,flush with,/ffwid/,"adj, 充满的, 充裕的",,,,,,
A+1400,572,forbear,/fo:r'ber/,"克制, 忍耐",,,,,,
A+1400,573,foreground,/fo:rgraond/,"n, 前景, 最突出的位置; v, 强调",,,,,,
A+1400,574,forerunner,/foirmer/,"n, 先驱, 先导; 前兆",,,,,,
A+1400,575,foresee,/fort'si/,"下预见, 预知",,,,,,
A+1400,576,foresight,/fo:rsalt/,"n, 远见, 深谋远虑",,,,,,
A+1400,577,forestall,/fo:r'sto:l/,"阻止, 预先阻止",,,,,,
A+1400,578,forge,/fo:rd3/,"锻造; 伪造, 艰昔做成",,,,,,
A+1400,579,forgo,/fo:r'gou/,"放弃, 弃绝",,,,,,
A+1400,580,formidable,/'fo:rmidabal/,"adj, 强大的; AA ACEEAY; 艰难的",,,,,,
A+1400,581,formulaic,/fo:rmjulellk/,"adj, 公式化的, 刻板的",,,,,,
A+1400,582,forsake,/fo:r'selk/,"抛弃, 遗弃",,,,,,
A+1400,583,foster,/'fo:ster/,"培养, 促进; 收养",,,,,,
A+1400,584,foundation,/favn'delfen/,"n, 基础; 地基; 基金会",,,,,,
A+1400,585,founder,/faundar/,"n, 创始人",,,,,,
A+1400,586,fractious,/frakfes/,"oj: 易怒的, 脾气坏的; AY",,,,,,
A+1400,587,fraudulent,/'fro:dselent/,"agdj. 欺诈的, 欺骗的",,,,,,
A+1400,588,fringe,/feind3/,"adj, AAT; vA",,,,,,
A+1400,589,frugal,/fru:gal/,"adj, 节俭的, 村素的",,,,,,
A+1400,590,frustrating,/frastreitig/,"adj, THEA",,,,,,
A+1400,591,fund,/tAnd/,"n, 资金, 基金",,,,,,
A+1400,592,fundamental,/fAnde'mental/,"agj. 基本的, 根本的; n, 基本原则",,,,,,
A+1400,593,fungible,/'fAndsebel/,"adj, 可互换的, 可替代的",,,,,,
A+1400,594,fusion,/fju:3n/,"n, 融合, 熔合; ERAS",,,,,,
A+1400,595,fusty,/fAsti/,"adj, TAY, ASA",,,,,,
A+1400,596,futile,/fju:tl/,"adj, 徒劳的, 无用的",,,,,,
A+1400,597,gaffe,/gef/,"n, 失礼, 失态; 失言",,,,,,
A+1400,598,galvanize,/'gxlvenalz/,"v, 刺激, 激励, 电镀",,,,,,
A+1400,599,garrulous,/'gareles/,"adj, BEER AMARA; 话多的; 人饶舌的",,,,,,
A+1400,600,gauge,/ge1ds/,"n, 测量仪; 标准; 测量; 判断",,,,,,
A+1400,601,generic,/d3e'nerk/,agj. 通用的; 一般的,,,,,,
A+1400,602,genial,/'d3i:niel/,"adj, ANAT, ACKEAY",,,,,,
A+1400,603,genius,/'d3i:nias/,"n, 天才; RIK 本质",,,,,,
A+1400,604,germane,/d33:t'man/,"adj, 有关的, 贴切的",,,,,,
A+1400,605,given,/'gɪvən/,"adj, 指定的, 给定的; 假设的; prep, 考虑到",,,,,,
A+1400,606,glean,/gliin/,收集; 发现,,,,,,
A+1400,607,gloat,/gloot/,"n, 心满意足的注视",,,,,,
A+1400,608,gloomy,/'glu:mi/,"adj, 黑上暗的; 4 Av.FEAY; ARSE",,,,,,
A+1400,609,glut,/glat/,"n, /v, 供应过剩, 过量",,,,,,
A+1400,610,goose bump,/'gu:sbamp/,"n, 鸡皮疙冶",,,,,,
A+1400,611,govern,/'gavern/,"统治, 管理, 控制",,,,,,
A+1400,612,gratify,/'graetlfal/,"使满足, 使高兴",,,,,,
A+1400,613,gregarious,/grl'gerias/,"adj, 社交的, 合群的",,,,,,
A+1400,614,groundless,/'gravndles/,"adj, 无根据的, 无缘无故的",,,,,,
A+1400,615,guardian,/'ga:rdian/,".守护者, 保护人; adj, 守护的",,,,,,
A+1400,616,guile,/gall/,"n, 狐诈, 诡计",,,,,,
A+1400,617,hail,/hell/,ail 招呼; 下冰雹; kes Be,,,,,,
A+1400,618,half-formulated,/beefforr'mjuleid/,"adj, 未充分形成的, 不完整的",,,,,,
A+1400,619,halfhearted,/hafha:rtid/,"adj, 半心半意的, 不热心的",,,,,,
A+1400,620,hallmark,/ho:lma:rk/,"n, 标志, 特点, 品质证明",,,,,,
A+1400,621,hallow,/'helov/,"使神圣, 苯为神圣",,,,,,
A+1400,622,hamper,/'hemper/,"v, 妨碍, 阻碍; Es 食盒",,,,,,
A+1400,623,hamstring,/hemstrin/,"下使残废; HUGS: n, 腿筋",,,,,,
A+1400,624,haphazard,/hep'hezerd/,"adj, 无计划的, 随意的, 杂乱的",,,,,,
A+1400,625,harmonious,/ha:t'mounies/,"adj, 和谐的, 协调的",,,,,,
A+1400,626,harsh,/ha:tf/,"adj, "" FFI, RIERAY. ALREAY",,,,,,
A+1400,627,hasty,/helsti/,"adj, 仓促的, 轻率的",,,,,,
A+1400,628,heartless,/'hairtles/,"adj, 无情的, 残忍的",,,,,,
A+1400,629,hedge,/hed3/,"v, e EAE 5 n, 树篇; 防范措施",,,,,,
A+1400,630,heed,/hi:d/,"v, v, /n, 注意, 留心",,,,,,
A+1400,631,helter-skelter,/.helter“skelter/,"adv, 慌乱地; adjj. 慌乱的; n, 混乱",,,,,,
A+1400,632,heterodox,"/'hetere,da:ks/","agj. 非正统的, 异端的",,,,,,
A+1400,633,heterogeneous,/hetare'd3i:nias/,"coe 混杂的, 由不同种类组",,,,,,
A+1400,634,hew,/hju:/,"v, AR. Bs RESP, MRP",,,,,,
A+1400,635,hidebound,/'haidbaund/,"adj, 守旧的, 思想狭隘的",,,,,,
A+1400,636,hierarchy,/'halera:rki/,"n, 等级制度, 层级",,,,,,
A+1400,637,high-minded,/hat'maindid/,"adj, 高尚的, 崇高的",,,,,,
A+1400,638,hinder,/'hinder/,"下阻碍, 妨碍",,,,,,
A+1400,639,hitch,/hiy/,"n, /v, 故障, 障碍; 搭便车; 猛拉",,,,,,
A+1400,640,hodgepodge,/*ha:d3pa:d3/,"n, 大杂烩, 混合物",,,,,,
A+1400,641,homogeneous,/hoome'd3i:nies/,"adj, 同种类的, 均匀的, 同质的",,,,,,
A+1400,642,hone,/hovun/,"磨炼, 磨练 (技能 ); 磨快",,,,,,
A+1400,643,honorific,/.aine'rifik/,"adj, 表示敬意的, n 冤语",,,,,,
A+1400,644,hortatory,/'ho:rteto:ri/,"adj, yer HY)",,,,,,
A+1400,645,hubris,/'bju:bris/,"n, f, 狂妄自大",,,,,,
A+1400,646,humdrum,/'hAmdrAm/,"adj, J, ZORA",,,,,,
A+1400,647,humility,/hju:'mileti/,"n, iodh, RAS",,,,,,
A+1400,648,hyperbole,/hal'p3:rbali/,"n, 夸张法, 夸张的语句",,,,,,
A+1400,649,hypocrisy,/hi'pa:krosi/,"n, H. 伪善",,,,,,
A+1400,650,iconoclast,/a\'ka:naklest/,"n, 反对传统观念者, 打破旧习的人",,,,,,
A+1400,651,idealistic,/.aldie'lstk/,"adj, 理想主义的, 空想的",,,,,,
A+1400,652,ideologue,/'aldielovg/,"n, 空想家, 意识形态主义者",,,,,,
A+1400,653,ignorance,/'Ignerens/,"n, JER, AR",,,,,,
A+1400,654,illusory,/Vlu:sari/,"adj, 虚幻的, 错觉的",,,,,,
A+1400,655,imbibe,/\m'batb/,"v, B; 接收",,,,,,
A+1400,656,imitate,/'imiteit/,"模仿, 仿效",,,,,,
A+1400,657,immaterial,/me'titial/,"adj, 不重要的; 非物质的",,,,,,
A+1400,658,immense,/\'mens/,"adj, 巨大的, 广大的",,,,,,
A+1400,659,imminent,/'Iminent/,"adj, BIG Be Ae AY",,,,,,
A+1400,660,immortal,/tmoirtl/,"adj, 不朽的, 流芳百世的; n, 神仙",,,,,,
A+1400,661,immutable,/\'mju:tabel/,"adj, 不可改变的, 永恒不变的",,,,,,
A+1400,662,impair,/im'per/,"损害, 削弱",,,,,,
A+1400,663,impatrtial,/im'pa:tfal/,"aj. 公正的, 不偏不倚的",,,,,,
A+1400,664,impassioned,/\m'pafand/,"adj, 充满激情的热, 烈的",,,,,,
A+1400,665,impassive,/im'pxsiv/,"adj, 无动于衷的, 冷漠的",,,,,,
A+1400,666,impecunious,/Impl'kju:ni9s/,"adj, 贫穷的, 身无分文的",,,,,,
A+1400,667,impede,/\m'pi:d/,"阻碍, 阻止",,,,,,
A+1400,668,impenetrable,/\m'penitrebel/,"adj, 不能穿过的; 费解的; 不接纳的",,,,,,
A+1400,669,imperceptible,/imper'septabel/,"adj, 察觉不到的, 微小的",,,,,,
A+1400,670,impermanent,/Im'p3:rmenent/,"adj, FMW, JEAN",,,,,,
A+1400,671,impetuous,/Im'pethes/,"agdj. 冲动的, 鲁莽的",,,,,,
A+1400,672,implacable,/\m'plekabal/,"adj, 无法安抚的; 毫不留情的",,,,,,
A+1400,673,implement,/'impliment/(n.);/'1n,"n, T, 器具; v, 实施, 执行",,,,,,
A+1400,674,impolitic,/Im'pa:leuk/,"adj, 不明知的, 失策的",,,,,,
A+1400,675,import,/\m'po:rt/,ae aed ae eal,,,,,,
A+1400,676,impotent,/impeatant/,"adj, GAH; 虚弱的; 阳痿的",,,,,,
A+1400,677,impressive,/\m'prestv/,"adj, 令人印象深刻的",,,,,,
A+1400,678,improvise,/'impravaiz/,"v, BI SSPE. Mea Ny Bs le",,,,,,
A+1400,679,impudent,/Impjedent/,"adj, 放辟无礼的, 厚颜无耻的",,,,,,
A+1400,680,impugn,/im'pju:n/,"质疑, 指责",,,,,,
A+1400,681,impulsive,/im'pAlsw/,"adj, 冲动的, 易冲动的",,,,,,
A+1400,682,inborn,/'Inbo:rn/,"adj, 天生的, 固有的",,,,,,
A+1400,683,inception,/in'sepfen/,"n, 开始, 开端",,,,,,
A+1400,684,inclined,/Iin'klaind/,"adj, (iF AY; 有 … 天赋的",,,,,,
A+1400,685,inclusive,/in'klu:siv/,"adj, 包容的, 包含的, 范围广泛的",,,,,,
A+1400,686,incommensurable,"/,Inke'menfarebel/","adj, 不能比较的, 无共同尺度的",,,,,,
A+1400,687,incongruity,/Inka:n'gru:eti/,"n, 不协调, 不一致",,,,,,
A+1400,688,inconstant,/In'kainstent/,"adj, 无常的, 易变的, 不坚定的",,,,,,
A+1400,689,incorporate,/in'ko:rpareit/,"v, est, 吸收; 成立, 组建",,,,,,
A+1400,690,incursion,/in'ka:rzen/,"n, 侵入, 袭击",,,,,,
A+1400,691,indebted,/Iin'detid/,aj. 感激的; 负债的,,,,,,
A+1400,692,indict,/in'dalt/,"v, v 控告, 起诉",,,,,,
A+1400,693,indigent,/'indidgant/,"adj, Az HK). SAY",,,,,,
A+1400,694,indiscernible,/Indi's3:rnabl/,"adj, 难以理解 /识别的",,,,,,
A+1400,695,indiscriminate,/jmail,eee 任意的; 不分青红,,,,,,
A+1400,696,indispensable,/indi'spensabal/,"adj, 必不可少的, 必需的",,,,,,
A+1400,697,indubitable,/1n'du:bitabal/,"adj, 不容置疑的, 明确的",,,,,,
A+1400,698,induce,/in'du:s/,"v, 5]; 引起; 感应",,,,,,
A+1400,699,industrious,/in'dastrias/,"adj, 勤劳的, 勤奋的",,,,,,
A+1400,700,inert,/in'3:rt/,"adj, 辅助的 ARN, IRB: 无",,,,,,
A+1400,701,inevitable,/\n'evitabal/,"adj, 不可避免的, 必然发生的",,,,,,
A+1400,702,inexplicable,/inlk'splikebel/,"adj, 无法解释的, 费解的",,,,,,
A+1400,703,infallibility,/Infala'bilati/,"n, 绝无错误, 绝对可靠",,,,,,
A+1400,704,infectious,/Infekfes/,"adj, 传染的, 有感染力的",,,,,,
A+1400,705,inferable,/In'fa:rebel/,"adj, 可推知的, 可推断的",,,,,,
A+1400,706,inflammatory,/1n'flamato:ti/,"adj, 煽动性的; 发炎的",,,,,,
A+1400,707,inflate,/1n'flett/,"使膨胀, 夸大",,,,,,
A+1400,708,informative,/In'fo:rmetIv/,"adj, 提供信息的, 增长见闻的",,,,,,
A+1400,709,ingenuous,/In'd3enjues/,"adj, 天真无邪的, 坦率的",,,,,,
A+1400,710,inherent,/In'hirent/,"aj. 固有的, 内在的",,,,,,
A+1400,711,inhibit,/In'hibit/,"vi, ll, 禁止, 阻止",,,,,,
A+1400,712,inimical,/\'nimikel/,"adj, AEH), RAEI",,,,,,
A+1400,713,innate,/Vnett/,"adj, 先天的, 固有的",,,,,,
A+1400,714,innocuous,/I'na:kjues/,"adj, 无害的, 无冒犯性的",,,,,,
A+1400,715,insatiable,/In'selfebel/,"adj, 不知是的, 贪得无厌的",,,,,,
A+1400,716,inscrutable,/in'skru:tabl/,agdj. 难以理解的,,,,,,
A+1400,717,insightful,/'Insaltfel/,"adj, 富有洞察力的, 有深刻见解的",,,,,,
A+1400,718,insipid,/in'sipid/,"adj, 乏味的, 无味的; 无特色的",,,,,,
A+1400,719,inspire,/In'spaler/,"激励, 鼓舞; 唤起",,,,,,
A+1400,720,intelligible,/\n'telidgabel/,"adj, 可理解的, 清晰的",,,,,,
A+1400,721,intensify,/In'tenslfal/,"v, JSR.",,,,,,
A+1400,722,interchangeable,/Inter'feindzebal/,"adj, 可互换的",,,,,,
A+1400,723,interrelated,/Inter'leltid/,"adj, 相互关联的",,,,,,
A+1400,724,interweave,/Interwi:v/,"v, (ft) 交织, 编织",,,,,,
A+1400,725,intimate,/'intimat/(adj.);/Int,"adj, 亲密的, 私人的; v, 上暗示",,,,,,
A+1400,726,intransigent,/in'trensidzent/,"adj, 不妥协的, 固执的",,,,,,
A+1400,727,intricate,/'intrikat/,aj. 复杂精细的; 错综复杂的,,,,,,
A+1400,728,intrinsic,/in'teinzk/,"adj, 固有的, 内在的, 本质的",,,,,,
A+1400,729,intuitive,/in'tu:itiv/,"adj, 直觉的, 凭直觉感知的",,,,,,
A+1400,730,invalidate,/in'veelideit/,"使无效, 证明错误",,,,,,
A+1400,731,invention,/in'venfn/,"n, 发明, 创造, 虚构",,,,,,
A+1400,732,inverse,/Invairs/,"adj, 相反的, 北向的; n, 反面",,,,,,
A+1400,733,involved,/In'va:lvd/,"adj, 复杂的; 有关的; 卷入的",,,,,,
A+1400,734,irascible,/\'resebel/,"adj, ARH), ARBRAY",,,,,,
A+1400,735,irenic,/al'tentk/,"adj, 促进和平的, 和平的",,,,,,
A+1400,736,irk,/3:tk/,"使烦恼, 激怒",,,,,,
A+1400,737,irony,/'alreni/,"n, 反讽, 讽刺; 出乎意料的情况",,,,,,
A+1400,738,irrefutable,/\'refjatabel/,"adj, 无可辩驳的, 不能反驳的",,,,,,
A+1400,739,irreparable,/I'reperebel/,"adj, 不可挽回的, 不能修复的",,,,,,
A+1400,740,irresistible,/rl'zlstebel/,"adj, 不可抵抗的, 极具诱惑力的",,,,,,
A+1400,741,irresolution,/irgze'lu:fean/,"n, D, HSE",,,,,,
A+1400,742,isolationism,/alsa'leifanizom/,"n, 孤立主义",,,,,,
A+1400,743,itinerant,/al'tinerent/,"adj, MILA, BIA; n, 巡回者",,,,,,
A+1400,744,jealous,/'d3elas/,"adj, Br, DURA; 小心守护的",,,,,,
A+1400,745,jejune,/d3V'd3u:n/,"adj, ABR Z REY",,,,,,
A+1400,746,jettison,/'d3eusen/,"v, 抛弃, 投弃",,,,,,
A+1400,747,judicious,/d3u:'difas/,"adj, 明智的, 明断的",,,,,,
A+1400,748,justify,/'d3Astifal/,证明 … 是正当的; 为 … 辩护,,,,,,
A+1400,749,keen,/kin/,"adj, 敏锐的; 热切的; 强烈的; vee",,,,,,
A+1400,750,keep abreast of,/ki:po'brestAv/,"了解最新情况, 跟上",,,,,,
A+1400,751,kindred,/'kindred/,"adj, 同类的; 类似的; on. 亲属, 家族",,,,,,
A+1400,752,kinfolk,/'kinfouk/,"n, 亲属, 家属",,,,,,
A+1400,753,knotty,/'naiti/,"adj, 2 15H); HRA, 复杂的",,,,,,
A+1400,754,laborious,/la'bo:tias/,"adj, 费力的, 勤劳的",,,,,,
A+1400,755,laconic,/le'ka:ntk/,"adj, 简洁的, 精炼的",,,,,,
A+1400,756,lambaste,/lxem''best/,"严厉批评, 痛斥",,,,,,
A+1400,757,languish,/lxngwiI]/,"v, RS, BEG S258, Sears",,,,,,
A+1400,758,lapse,/læps/,"n, 过失, 疏忽; 时间流逝; v, 失效, 背离",,,,,,
A+1400,759,largesse,/la:r'3es/,"n, 慷慨的赠与; 慷慨",,,,,,
A+1400,760,laudatory,/19:deto:ri/,"adj, 赞扬的, 赞赏的",,,,,,
A+1400,761,layperson,/'lelpe:rsen/,"n, 外行, 非专业人士",,,,,,
A+1400,762,legitimize,/li'd3itemalz/,"使合法化, 给予合法地位",,,,,,
A+1400,763,lethargy,/ledard3i/,"n, 嗜睡, 无精打采",,,,,,
A+1400,764,liberate,/'liberelt/,"v, v, 解放, 释放",,,,,,
A+1400,765,limpid,/lmpid/,"adj, FH; 清晰的",,,,,,
A+1400,766,lionize,/'lalenalz/,"把 … 视为名人, 崇拜",,,,,,
A+1400,767,list,/list/,"v, N; 倾斜, n 列表; 倾斜",,,,,,
A+1400,768,live up to,/livaptu:/,"Ta, KER",,,,,,
A+1400,769,loath,/lowb/,"adj, 不愿意的, 厌恶的",,,,,,
A+1400,770,long-winded,/19:9'windid/,"adj, TTIRHY, REY",,,,,,
A+1400,771,loquacious,/lov'kwelfas/,"adj, i. 健谈的, 多话的",,,,,,
A+1400,772,lowly,/'lovli/,"adj, 地位低下的; 插微的",,,,,,
A+1400,773,lucid,/lu:sid/,"adj, 清晰的, 明了的, 神志清醒的",,,,,,
A+1400,774,lucrative,/'lu:kretiv/,"adj, 赚钱的, 有利可图的",,,,,,
A+1400,775,ludicrous,/'lu:dikres/,"adj, FSA, TE SAY",,,,,,
A+1400,776,lugubrious,/lu:'gu:brias/,"adj, 过分悲伤的, 忧郁的",,,,,,
A+1400,777,lull,/Al/,"n, A. 暂停; v, 使平静",,,,,,
A+1400,778,luxuriant,/lAg'30rient/,"adj, ERE, Se; 华丽的",,,,,,
A+1400,779,madcap,/'medkxp/,"adj, BIH, PEAY",,,,,,
A+1400,780,maintain,/mein'tein/,维持; 坚持; 维修,,,,,,
A+1400,781,malady,/'maledi/,"n, 疾病, 星病",,,,,,
A+1400,782,malfeasance,/mal'fi:zens/,"n, 渎职, 不法行为",,,,,,
A+1400,783,malign,/me'laln/,"环诽谤, 中伤, a 和 dj. 恶性的, 有害的",,,,,,
A+1400,784,malleable,/'maligbel/,"adj, 可塑的; 易受影响的; 适应性的",,,,,,
A+1400,785,malodorous,/mzl'ooderes/,"adj, 恶自的",,,,,,
A+1400,786,manacle,/'manekel/,"Re, HBS RRS ve",,,,,,
A+1400,787,manifest,/'menifest/,"adj, 明显的; v, 表明, 显示:; n, 清单",,,,,,
A+1400,788,manipulate,/mo'nipjaleit/,下操纵; 操作; 巧妙地处理,,,,,,
A+1400,789,marked,/ma:rkt/,"adj, eH); AIS Hy",,,,,,
A+1400,790,martinet,/ma:rtn'et/,"n, 严格执行纪律的人",,,,,,
A+1400,791,mask,/mask/,"n, 面具; 伪装; 掩饰谈, 盖",,,,,,
A+1400,792,master,/'mestar/,"v, ed. Peis n, 大师",,,,,,
A+1400,793,leave,/mat/,fa 对手; 火柴; v AHA: bea,,,,,,
A+1400,794,materialize,/me'trielalz/,"实现, 发生; 具体化",,,,,,
A+1400,795,maudlin,/'mo:dlin/,"adj, 感情脆弱的, 伤感的",,,,,,
A+1400,796,maverick,/'mzeverk/,"n, 特立独行的人; adj, 标新立异的",,,,,,
A+1400,797,meager,/'mi:gar/,"adj, 贫乏的, 不足的",,,,,,
A+1400,798,measured,/'mezerd/,"adj, HEN): ATH; beta",,,,,,
A+1400,799,meet,/mi:t/,"满足; DL; 迎接; adj, 合适的",,,,,,
A+1400,800,meld,/meld/,"v, (使) 融合, 合并",,,,,,
A+1400,801,mendacious,/men'defas/,"adj, HEB. Dively)",,,,,,
A+1400,802,mercurial,/m3:rkjUriel/,"adj, 善变的; TRB",,,,,,
A+1400,803,metaphor,/'metofer/,"n, 隐喻, 象征",,,,,,
A+1400,804,meticulous,/me'tkjeles/,"adj, 极其谨慎的, 注重细节的",,,,,,
A+1400,805,mimic,/'mimik/,"v, As n, 模仿者",,,,,,
A+1400,806,minimal,/'minimal/,"adj, 最小的, 最低限度的",,,,,,
A+1400,807,minuscule,/'minaskju:1/,"adj, BNA, GUN",,,,,,
A+1400,808,misconception,/misken'sepfan/,"n, 误解, 错误想法",,,,,,
A+1400,809,misconstrue,/misken'stru:/,"误解, 曲解",,,,,,
A+1400,810,misgiving,/.mls'gIvin/,"n, 疑虑, 担忧",,,,,,
A+1400,811,misguide,/mis'gaid/,"v, AR, HRA BGR",,,,,,
A+1400,812,mishandle,/mis'hendel/,"v, v, 处理不当, mishandle",,,,,,
A+1400,813,misnomer,/.mls'noumer/,"n, 错误名称, 用词不当",,,,,,
A+1400,814,misrepresent,/misrepr!zent/,"v, ed, Ute",,,,,,
A+1400,815,misuse,"/mis'ju:s/(n.);/,mis'","n, /v, 误用, 小用",,,,,,
A+1400,816,mitigate,/'mitigelt/,"v, 减轻, 缓和",,,,,,
A+1400,817,mixed,/mikst/,"adj, 混合的, 复杂的",,,,,,
A+1400,818,mockery,/'mazkeri/,"n, n, 嘲弄; 拙劣的模仿",,,,,,
A+1400,819,modest,/'ma:dist/,"agdj. 谦虚的, 适度的, 不大的",,,,,,
A+1400,820,modicum,/'ma:dikam/,"n, 少量, 一点点",,,,,,
A+1400,821,modulate,/'ma:dzeleit/,"v, v 调整, 调节; 调制",,,,,,
A+1400,822,mollify,/'ma:lifai/,"vt, 平息; 安抚",,,,,,
A+1400,823,momentary,/'moumenteri/,"adj, 瞬间的, 短暂的",,,,,,
A+1400,824,monitor,/'ma:niter/,"n, 显示器",,,,,,
A+1400,825,monolithic,/ma:na'liik/,"adj, 单一的; 属大的; 巨石的",,,,,,
A+1400,826,monstrous,/'mainstres/,ad. BKM; 恐怖的; 邪恶的,,,,,,
A+1400,827,morbid,/'mo:tbid/,"adj, 病态的; 疾病的; 恐怖的",,,,,,
A+1400,828,mount,/maont/,"v, b, 增加, 安装; n, 山",,,,,,
A+1400,829,muddle,/'madl/,"n, 混乱",,,,,,
A+1400,830,multifaceted,/mAltifesitid/,"adj, 多方面的, 多层次的",,,,,,
A+1400,831,mundane,/'mandein/,"adj, 平凡的, 世俗的, 普通的",,,,,,
A+1400,832,mutable,/'mju:tebel/,"adj, 可变的, 易变的",,,,,,
A+1400,833,naivete,/na:'iivtel/,"n, 天真, 幼稚",,,,,,
A+1400,834,narcissism,/'na:tsiszam/,"n, 自恋, 自我陶醇",,,,,,
A+1400,835,nascent,/'nelsent/,"adj, 新生的, 开始形成的",,,,,,
A+1400,836,naysayer,"/'nel,seler/","n, 反对者, 否定者",,,,,,
A+1400,837,nebulous,/'nebjeles/,"adj, 模糊的; TBUENY: 星云状的",,,,,,
A+1400,838,negligent,/'neglidgent/,ad. FAM; 粗心大意的; 忽视的,,,,,,
A+1400,839,negligible,/'negldgabel/,"adj, 可忽略的, 微不足道的",,,,,,
A+1400,840,negotiate,/n1'goofielt/,"v, ARA, PT, MRA I",,,,,,
A+1400,841,nettle,/'netl/,"v, ARAS, (EIT s 0. SFR",,,,,,
A+1400,842,neutralize,/'nu:tralaz/,下使无效; 中和; 抵消,,,,,,
A+1400,843,nexus,/'nekses/,"n, 联系; 连接; 关系",,,,,,
A+1400,844,nimble,/'nimbal/,"adj, 敏捷的, 灵活的; 机知的",,,,,,
A+1400,845,noisome,/'nolsem/,"adj, AFH; 恶臭的",,,,,,
A+1400,846,nonchalant,/na:nfe'la:nt/,"adj, 冷静的, 漠不关心的",,,,,,
A+1400,847,nonconformist,/na:nken'fo:rmpt/,"n, 不墨守成规者, adj, 不遵从惯例的",,,,,,
A+1400,848,nondescript,/'na:ndisktipt/,"adj, 平淡无奇的, 没有特征的",,,,,,
A+1400,849,no-nonsense,/nov'na:nsens/,"adj, 严肃的, 实际的; ANA TAY",,,,,,
A+1400,850,nonspecialist,/nain'spefalist/,"n, 非专业人士, 外行",,,,,,
A+1400,851,nostalgia,/na:'steld3e/,"n, 怀旧, 乡愁",,,,,,
A+1400,852,novel,/'na:vel/,"adj, THY, PANY; n, 小说",,,,,,
A+1400,853,novice,/'na:vis/,aE. We,,,,,,
A+1400,854,noxious,/''na:kfas/,"adj, AN, ABET",,,,,,
A+1400,855,nuance,/'nu:a:ns/,"n, 细微差别",,,,,,
A+1400,856,numinous,/nu:'minias/,"adj, 神圣的, 神明的, 超自然的",,,,,,
A+1400,857,obdurate,/'a:bderet/,"adj, FSU). iA HY",,,,,,
A+1400,858,obedient,/9'bi:dient/,"adj, 顺从的, 服从的",,,,,,
A+1400,859,obeisance,/ov'belsens/,"n, 散礼; 敬意",,,,,,
A+1400,860,obfuscate,/'a:bfaskeit/,"使困惑, 使模糊",,,,,,
A+1400,861,objectionable,/ab'dzekfenabel/,"adj, 令人反感的, 讨厌的",,,,,,
A+1400,862,objective,/eb'd3ektv/,"adj, ALA; n, 目标, 目的",,,,,,
A+1400,863,obligatory,/9'bligeto:ri/,"adj, 义务的, 必须的",,,,,,
A+1400,864,obliterate,/a'blitareit/,"消灭, 彻底摧毁",,,,,,
A+1400,865,obscure,/ab'skjor/,"adj, -REAH). ORIAY: v, ERO], Betis",,,,,,
A+1400,866,obsequious,/ab'si:kwias/,"adj, 褒媚的, 卑身属膝的",,,,,,
A+1400,867,observation,/.a:bzer'velfan/,"n, 观察; 评论; 观察资料",,,,,,
A+1400,868,obsess,/ab'ses/,"v, 使着迷, 使心神不宁",,,,,,
A+1400,869,obsolete,/a:bse'lizt/,"adj, 过时的, 废弃的",,,,,,
A+1400,870,obstacle,/'a:bstakl/,"n, 障碍; 阻碍",,,,,,
A+1400,871,obtain,/ab'tein/,"v, AR, 矛盾的; 通行, 通用",,,,,,
A+1400,872,obtrusive,/eb'tru:siv/,"adj, HRA; 冒失的, 强加于人的",,,,,,
A+1400,873,obviate,/'a:bvieit/,"排除, 和避免, 使成为不必要",,,,,,
A+1400,874,occlude,/a'klu:d/,"堵塞, 阻挡",,,,,,
A+1400,875,occult,/a'kAlt/,"adj, 超自然的, 神秘的; vadj. 辅助的. iH",,,,,,
A+1400,876,offset,/'9:fset/,"v, /n, fH. #Mz",,,,,,
A+1400,877,old-fashioned,/ovld'fefand/,"adj, Both, wATAY",,,,,,
A+1400,878,ominous,/'a:minas/,"adj, AFH). BUEN",,,,,,
A+1400,879,omit,/oo'mit/,"v, ali, atts 删除",,,,,,
A+1400,880,omnipresent,/a:mnt'prezent/,"adj, 无处不在的",,,,,,
A+1400,881,onerous,/'a:neres/,"adj, 繁重的, 麻烦的",,,,,,
A+1400,882,onetime,/''wantaim/,"adj, 从前的, 一度的",,,,,,
A+1400,883,onset,/'ainset/,"n, 开始, 发作",,,,,,
A+1400,884,opaque,/od'pelk/,agj. 不透明的; 难理解的,,,,,,
A+1400,885,opinionated,/9'pinjaneitid/,"aj. 固执已见的, 武断的",,,,,,
A+1400,886,opportune,/a:par'tu:n/,"adj, RAH, 14H)",,,,,,
A+1400,887,oppressive,/a'presiv/,"adj, AIH AY; 压抑的; 间热的",,,,,,
A+1400,888,opprobrium,/9'proubriam/,"n, A, TR",,,,,,
A+1400,889,optimism,/'a:ptimizem/,".乐观, 乐观主义",,,,,,
A+1400,890,opulent,/'a:pjalent/,"adj, 豪华的, 富裕的",,,,,,
A+1400,891,orderly,/'o:rderli/,"adv, 顺序地",,,,,,
A+1400,892,orientation,/9:tien'telfan/,"n, 方向; 培训; 取向",,,,,,
A+1400,893,original,/a'ridgenel/,"adj, 原始的; 独创的; n, 原件, 原作",,,,,,
A+1400,894,orthodox,/'0:19ada:ks/,"adj, 正统的; 传统的",,,,,,
A+1400,895,ostentatious,/a:sten'tefes/,"adj, 炫泡的, 夸炊的; 铺张的",,,,,,
A+1400,896,oust,/avst/,"vi, Bah",,,,,,
A+1400,897,outdated,/avt'deitid/,"adj, 过时的, 陈旧的",,,,,,
A+1400,898,outdo,/avt'du:/,"胜过, 超越",,,,,,
A+1400,899,outmoded,/avt'movdid/,"adj, 过时的, 不再流行的",,,,,,
A+1400,900,outstanding,/avt'stendin/,"adj, 杰出的; 显著的; 未解决的",,,,,,
A+1400,901,outstrip,/avt'strip/,"vi, t flee",,,,,,
A+1400,902,overblown,/ovver'bloon/,"adj, 硅张的, 过分的",,,,,,
A+1400,903,overlook,/oover'lok/,"v, Zs MN, 宽想",,,,,,
A+1400,904,oversell,/obvar'sel/,"vi, LA. I",,,,,,
A+1400,905,overshadow,/ovver[zdod/,"v, A BRA; UTE",,,,,,
A+1400,906,pacific,/pe'sifik/,"adj, 和平的, 平静的; 求和的",,,,,,
A+1400,907,painstaking,/peinztetkig/,"adj, 艰苦的, 辛勤的",,,,,,
A+1400,908,palliate,/'palielt/,"vi, BES, A (BER. HATE)",,,,,,
A+1400,909,paltry,/'po:ltri/,"adj, 微不足道的, 无价值的",,,,,,
A+1400,910,panacea,/pena'si:a/,"n, 万能药, 灵丹妙药",,,,,,
A+1400,911,paradigm,/'peradaim/,"n, 范例, 模式",,,,,,
A+1400,912,paradox,/'pereda:ks/,"n, ee, AMAA A RE",,,,,,
A+1400,913,parity,/'perati/,"n, n 平等, 对等",,,,,,
A+1400,914,parochial,/pe'rovkiel/,"adj, 狭隘的, 地方观念的, 教区的",,,,,,
A+1400,915,parsimonious,/paitsl'moUni9s/,"adj, THY, RETA",,,,,,
A+1400,916,partisan,/'pa:rtezen/,"n, 坚定支持者; adj fi LAY",,,,,,
A+1400,917,passive,/'pasiv/,"adj, aI; 消极的",,,,,,
A+1400,918,pastiche,/pe'sti:]/,"n, 混成作品, 模仿作品",,,,,,
A+1400,919,pastoral,/'pxsterel/,"adj, APN; 牧师的; 乡村的",,,,,,
A+1400,920,patchwork,/'patfwa:tk/,"n, 拼凑物, 混杂物",,,,,,
A+1400,921,pathetic,/pe'eetik/,"adj, PHY; ATARI; 差劲的",,,,,,
A+1400,922,paucity,/'po:seti/,"n, 少量, 缺乏",,,,,,
A+1400,923,peculiar,/pl'kju:ljer/,"adj, 奇怪的; 特有的; 特殊的",,,,,,
A+1400,924,pecuniary,/pi'kju:nieri/,"adj, 金钱的, 财政的",,,,,,
A+1400,925,pedestrian,/pe'destrion/,"adj, 平淡的, 缺乏想象的; 0. 行人",,,,,,
A+1400,926,peer,/pit/,"n, [AAS 贵族; v, 凝视",,,,,,
A+1400,927,pejorative,/p\'d3zo:rativ/,"adj, WZ SLAY, FAREAY",,,,,,
A+1400,928,pellucid,/pe'lu:sid/,"adj, 清晰的, 易懂的",,,,,,
A+1400,929,penalty,/'penalti/,"n, 处罚, 罚款; 不利后果",,,,,,
A+1400,930,penchant,/'pentfent/,"n, 爱好, 嗜好",,,,,,
A+1400,931,perceptible,/perseptebel/,"aj. 可感知的, 显而易见的",,,,,,
A+1400,932,peregrinate,/'peregrinelt/,"旅行, 游历 ( 尤指步行 )",,,,,,
A+1400,933,perennial,/pe'reniel/,"adj, CHIH; 永久的; 多年生的",,,,,,
A+1400,934,perfunctory,/perAnkteri/,"adj, 芽衍的, 马虎的",,,,,,
A+1400,935,perilous,/'pereles/,"adj, 危险的, 冒险的",,,,,,
A+1400,936,peripatetic,/peripe'tetIk/,"adj, 巡游的, 漫游的; n, 巡回者",,,,,,
A+1400,937,periphery,/pe'tiferi/,"n, Shel, WAR: 次要部分",,,,,,
A+1400,938,permeable,/'p3:rmigbel/,"adj, 可渗透的, 有渗透性的",,,,,,
A+1400,939,perplexing,/perpleksin/,"adj, 令人困惑的, 复区的",,,,,,
A+1400,940,persistent,/per'sistent/,"adj, 坚持不懈的; 持续的",,,,,,
A+1400,941,perspicacious,/p3:rspl'kalfes/,"agdj. 敏锐的, 有洞察力的",,,,,,
A+1400,942,pertain,/pertein/,"v, T, AR: 适合",,,,,,
A+1400,943,petvasive,/per'velsiv/,"adj, 普遍的, 渗透的",,,,,,
A+1400,944,pessimistic,/pest'mistik/,"adj, 悲观的, 悲观主义的",,,,,,
A+1400,945,philosophy,/fe'la:sefi/,"n, 哲学; 人生观, 基本原理",,,,,,
A+1400,946,pilfer,/'pllfer/,"v, v 偷窃 (小东西 )",,,,,,
A+1400,947,pivotal,/plvetel/,"adj, 关键的, 枢轴的",,,,,,
A+1400,948,plague,/pleig/,a 灾祸; wt. 折磨; 困扰; (Er,,,,,,
A+1400,949,plaintive,/'pleintiv/,"adj, NT. AAA",,,,,,
A+1400,950,platitude,/'pleutu:d/,"n, 陈词滥调, 老生常谈",,,,,,
A+1400,951,plausible,/'pl9:zebel/,"adj, 貌似合理的; 花言巧语的",,,,,,
A+1400,952,plentitude,/'plentitu:d/,"n, 充分, 丰富; 大量",,,,,,
A+1400,953,plethora,/'plebere/,"n, ite, 过剩",,,,,,
A+1400,954,plod,/pla:d/,"n, 沉重缓慢的步伐",,,,,,
A+1400,955,plummet,/plAmit/,"n, 铅坠",,,,,,
A+1400,956,pointless,/'pointlas/,"adj, 无意义的, 无目的的",,,,,,
A+1400,957,polemical,/pa'lemikl/,"adj, 争论的; 好争论的, 挑起论战的",,,,,,
A+1400,958,polymath,/'pa:limae0/,"n, 博学者, 百科全书式的人物",,,,,,
A+1400,959,ponder,/'pa:ndar/,"v, DL. FAN",,,,,,
A+1400,960,porous,/'po:res/,"adj, FLAY; 能渗透的",,,,,,
A+1400,961,portend,/po:r'tend/,"预示, 是 … 的预兆",,,,,,
A+1400,962,posture,/'pa:stfer/,"n, 姿势; 态度; v, 摆姿势, 装模作样",,,,,,
A+1400,963,potential,/pe'tenfel/,"adj, 潜在的, 可能的; n, 潜力, 可能性",,,,,,
A+1400,964,pragmatic,/pregmatik/,"adj, 实用的, 务实的",,,,,,
A+1400,965,preachy,/priztfi/,"adj, Fin, FHV HY",,,,,,
A+1400,966,precarious,/pri'kerias/,"adj, 不稳定的; 危险的",,,,,,
A+1400,967,precede,/prl'si:d/,在 … 之前; 先于; 领先,,,,,,
A+1400,968,precipitate,/pri'sipttett/(v.);,"v, w 促使加速, adj 仓促的; n, 沉淀物",,,,,,
A+1400,969,preclude,/pti'klu:d/,"v, BELIE, HERR; it",,,,,,
A+1400,970,precocious,/pti'koufes/,"adj, Su, BEA",,,,,,
A+1400,971,preconception,/pri:ken'sepfon/,"n, 先入之见, 成见",,,,,,
A+1400,972,precursor,/pri:k3rser/,"n, 先驱, 先兆",,,,,,
A+1400,973,predate,/pri:'dett/,"在日期上早于, 先于",,,,,,
A+1400,974,prediction,/pti'dikfen/,"n, 预测, 预言",,,,,,
A+1400,975,predominant,/prl'da:minent/,"agj. 占主导地位的, 显著的",,,,,,
A+1400,976,preeminent,/pti:'eminent/,"a 卓越的, 杰出的",,,,,,
A+1400,977,prescriptive,/pti'sktiptiv/,"agj. 规定的, 规范的",,,,,,
A+1400,978,preside,/pri'zaid/,"v, R, 负责",,,,,,
A+1400,979,pressing,/'presin/,"adj, AIM, JU",,,,,,
A+1400,980,prestigious,/pte'stidzes/,"adj, 有声望的, 有威望的",,,,,,
A+1400,981,primitive,/'primativ/,"adj, 原始的; 简单的; n, 原始人",,,,,,
A+1400,982,pristine,/pristiin/,"oj 原始的, 纯净的; 疡新的",,,,,,
A+1400,983,privilege,/'privelid3/,"n, 特权, 优待; v, 给予特权, 特许",,,,,,
A+1400,984,probity,/'proubiti/,"n, 正直, 诚实",,,,,,
A+1400,985,proclaim,/prodkleIm/,"宣布, 声明; 表明",,,,,,
A+1400,986,proclivity,/prod'kliveti/,"n, 倾向, 韵好",,,,,,
A+1400,987,prodigious,/pre'did39s/,"adj, BAW): 惊人的",,,,,,
A+1400,988,profess,/prefes/,"声称, 宣称, 教授",,,,,,
A+1400,989,proficient,/pro'fifent/,"adj, 熟练的, 精通的",,,,,,
A+1400,990,profitmonger,/'pra:fitmagger/,"n, 唯利是图的人",,,,,,
A+1400,991,profligate,/'pra:fligert/,"adj, EEN, INN: n, 放荡者",,,,,,
A+1400,992,profuse,/prefju:s/,"adj, 大量的, 丰富的",,,,,,
A+1400,993,proliferate,/prov'lifereit/,"激增, 扩散",,,,,,
A+1400,994,prolix,/'prouliks/,"adj, TRH). WPERAY",,,,,,
A+1400,995,proponent,/pte'poonent/,"n, e. HEM",,,,,,
A+1400,996,proprietary,/pre'praleteri/,ad. SAIN; 私有的; 所有权的,,,,,,
A+1400,997,prosaic,/prod'zellk/,"agdj: 平凡的, 乏味的; 散文体的",,,,,,
A+1400,998,protean,/'prootian/,"adj, 变化多端的, 多变的",,,,,,
A+1400,999,protract,/Prod'trakt/,"v, 延长, 拖延",,,,,,
A+1400,1000,provenance,/'pra:venens/,"n, 起源; 来源",,,,,,
A+1400,1001,provincialism,/pre'vinfelizem/,"n, 地方主义; 偏狭",,,,,,
A+1400,1002,provocative,/pra'va:kativ/,"adj, 挑蛇的, 炉动的",,,,,,
A+1400,1003,proximity,/pra:k'smati/,"ofa, Sur",,,,,,
A+1400,1004,prudent,/'pru:dent/,"adj, 谨慎的, 精明的",,,,,,
A+1400,1005,prying,/praiin/,"v, B, FTF",,,,,,
A+1400,1006,pseudonym,/'su:danim/,"n, e, BA",,,,,,
A+1400,1007,pugnacious,/pAg'nelfas/,"adj, 好斗的, 好战的",,,,,,
A+1400,1008,puncture,/'pAgktjer/,"vi, RB. SES HEL",,,,,,
A+1400,1009,purport,/'ps:tpo:tt/(v.);/pear,"v, PR, SPR oR, ES",,,,,,
A+1400,1010,purview,/'pa:tyju:/,"n, 范围, 权限",,,,,,
A+1400,1011,put to rest,/pottu:rest/,"v, OPR, 使安心; 埋葬",,,,,,
A+1400,1012,quaff,/kwa:{/,"v, 痛饮, 大口喝",,,,,,
A+1400,1013,qualify,/kwailifal/,取得资格; 限制,,,,,,
A+1400,1014,quash,/kwa:f/,"v, 镇压; 撤销; 宣布无效",,,,,,
A+1400,1015,query,/kwiti/,"n, /v, 询问, 质疑",,,,,,
A+1400,1016,quiescent,/kwi'esont/,"adj, 静止的, 沉寂的",,,,,,
A+1400,1017,quirk,/kw3:rk/,"n, A PEE. ATES 急转",,,,,,
A+1400,1018,quixotic,/kwik'sa:tik/,"adj, 不切实际的, 空想的",,,,,,
A+1400,1019,quotidian,/kwoo'tidian/,"adj, AA): 平几的, 普通的",,,,,,
A+1400,1020,radical,/'reedikl/,"adj, 根本的, 激进的; n, 激进分子",,,,,,
A+1400,1021,raillery,/'relleri/,"n, 善意的嘲笑, 去弄",,,,,,
A+1400,1022,rally,/rali/,"v, w/n, 聚集; 恢复; Rally 拉力赛",,,,,,
A+1400,1023,rampant,/'rempent/,"adj, 猩狐的; 提取R; 狂暴的",,,,,,
A+1400,1024,rant,/raent/,"v, /n, TIER, AFL",,,,,,
A+1400,1025,rapacious,/r9'pelfas/,"adj, RENT, TAAFAY",,,,,,
A+1400,1026,rapprochement,/te'proofma:n/,"n, (国家间 ) 友好关系的恢复, 和人解",,,,,,
A+1400,1027,rationale,/rafe'nal/,"n, 理由, 依据",,,,,,
A+1400,1028,rattle,/ratel/,"v, /a. (使 ) 发出格格声; 使慌乱",,,,,,
A+1400,1029,reactivate,/ri'aktivelt/,"重新激活, 恢复活动",,,,,,
A+1400,1030,readable,/'ti:dabel/,"adj, 易读的, 清晰有趣的",,,,,,
A+1400,1031,realize,/'ri:elalz/,"下认识到, 理解; 实现",,,,,,
A+1400,1032,rebuff,/t\'bat/,"v, v, /n, 拒绝, 冷落",,,,,,
A+1400,1033,recant,/rikant/,"公开放弃 (信仰 、 观点 ), 撤回",,,,,,
A+1400,1034,recapitulate,/ri:ke'pltfelelt/,"概括, 总结; 重述要点",,,,,,
A+1400,1035,recast,/sizkest/,"重塑, 重铸; 重新安排",,,,,,
A+1400,1036,reckon,/'teken/,"v, v, 认为, 估计; 计算",,,,,,
A+1400,1037,recoil,/ti'koul/,"v, /n, $24, 退缩; FHL, 反冲",,,,,,
A+1400,1038,reconcile,/rekensal/,oe 使和解; 使顺从; 解决 (分,,,,,,
A+1400,1039,recondite,/'rekendalt/,"adj, ZR YEA, MERAY",,,,,,
A+1400,1040,recrudescent,/si:kru:'desant/,"adj, ( 病 ) 复发的",,,,,,
A+1400,1041,redouble,/ti:'dabel/,"加倍, 加强",,,,,,
A+1400,1042,redundant,/t\'dandent/,"adj, BARN, FR: 被裁员的",,,,,,
A+1400,1043,regular,/'regjaler/,"adj, 定期的, 规则的, 普通的; n, 常客",,,,,,
A+1400,1044,rehabilitate,/tisha'bilitelt/,使康复; 修复; 恢复名誉,,,,,,
A+1400,1045,rehash,/ri:'he/,We SUITE OES,,,,,,
A+1400,1046,rein,/rein/,"n, se; 控制; vest], BAL",,,,,,
A+1400,1047,reinvent,/tin'vent/,"v, RA: 彻底改造",,,,,,
A+1400,1048,rejection,/ri'd3ekfan/,"n, 拒绝; 废弃物",,,,,,
A+1400,1049,relic,/relik/,"n, 遗物, 遗迹; 废墟",,,,,,
A+1400,1050,relief,/rlif/,"n, 缓解; 救济; 换班",,,,,,
A+1400,1051,relinquish,/riligkwil/,"v, v 放弃, 放手",,,,,,
A+1400,1052,relish,/'relif/,"v, S, 喜欢; nn 享受; 调味品",,,,,,
A+1400,1053,reluctant,/ri'lAktent/,"adj, 不情愿的, 勉强的",,,,,,
A+1400,1054,reprehensible,/.rEptl'henseb9l/,"adj, 应受谴责的",,,,,,
A+1400,1055,repudiate,/ri'pju:diat/,"""拒绝接受; 否认; 断绝关系",,,,,,
A+1400,1056,requisite,/'rekwizit/,"adj, 必需的, 必要的; n, 必需品",,,,,,
A+1400,1057,resemble,/t\'zembel/,"v, A",,,,,,
A+1400,1058,reserved,/rl'z3:rvd/,"adj, RR; 预定的; 保留的",,,,,,
A+1400,1059,resolve,/ri'za:lv/,"六解决, 决定, 决心, n, 决心",,,,,,
A+1400,1060,resonate,/'rezenelt/,让产生共鸣; 回响,,,,,,
A+1400,1061,respite,/'respit/,"n, 暂息, 缓解",,,,,,
A+1400,1062,responsive,/rl'spa:nsiv/,"adj, 反应迅速的; 易感动的",,,,,,
A+1400,1063,restive,/'restiv/,"adj, 焦躁不安的; 难以控制的",,,,,,
A+1400,1064,restorative,/rl'sto:retiv/,"adj, 恢复健康的; 1 REZ FI",,,,,,
A+1400,1065,restrain,/t\'strein/,"v, d], 限制; 克制",,,,,,
A+1400,1066,reverent,/'reverent/,"adj, 共敬的, 虔诚的",,,,,,
A+1400,1067,reverse,/rl'vairs/,"n, 相反; a 和 dj. 相反的",,,,,,
A+1400,1068,revisionist,/rl'visenist/,"adj, 修正主义的; n 修正主义者",,,,,,
A+1400,1069,revolutionary,/teve'lufeneri/,"adj, 革命性的; no. 革命者",,,,,,
A+1400,1070,riddle,/'ridl/,"n, 谜语; VICE. WR Si",,,,,,
A+1400,1071,ridicule,/'ridikju:l/,"v, ME. FAv. ITE",,,,,,
A+1400,1072,rigorous,/'rigeres/,"agdj. 严格的, 严谨的; 严密的",,,,,,
A+1400,1073,ring true,/tigtru:/,"听起来真实, 令人信服",,,,,,
A+1400,1074,risible,/'rizebel/,"adj, 可笑的荒, 廖的",,,,,,
A+1400,1075,ritualize,/tijuelalz/,"使仪式化, 使程式化",,,,,,
A+1400,1076,robust,/ro'bAst/,"adj, 强壮的; 坚固的",,,,,,
A+1400,1077,routine,/ru:'tin/,"n, 常规, 惯例; adgj. 常规的",,,,,,
A+1400,1078,tow,/rao/,"n, 争吵",,,,,,
A+1400,1079,royalty,/'rolelti/,.皇家身份 0. 版税,,,,,,
A+1400,1080,rubicund,/'ru:blkend/,"adj, 红润的, 健康的",,,,,,
A+1400,1081,rudimentary,/ru:dl'menteri/,"adj, 基本的, 初步的",,,,,,
A+1400,1082,rue,/tu:/,"n, 后悔",,,,,,
A+1400,1083,ruffle,/tAfel/,"n, a, FARE veal, ATH",,,,,,
A+1400,1084,rule out,/tuladt/,"排除, 取消",,,,,,
A+1400,1085,ruminate,/'tu:mineit/,"沉思, 反复思考; 反刍",,,,,,
A+1400,1086,rumple,/rtAmpl/,"vi, f, FEB",,,,,,
A+1400,1087,runic,/ruinIk/,a 和 dj. 神秘的,,,,,,
A+1400,1088,run-of-the-mill,/'tAnevdemIl/,"adj, 普通的",,,,,,
A+1400,1089,rupture,/'tnptfar/,"v, AT Mes 打碎",,,,,,
A+1400,1090,ruse,/ru:z/,.诡计,,,,,,
A+1400,1091,rustic,/'rastik/,"n, 乡下人, 头脑简单的人",,,,,,
A+1400,1092,rustle,/tAsl/,"""快速地行动",,,,,,
A+1400,1093,ruthless,/'ru:0les/,"adj, 残忍的",,,,,,
A+1400,1094,sabotage,/'sxbata:3/,"v, 蓄意破坏",,,,,,
A+1400,1095,saccharine,/'sxkerin/,"adj, 像糖一样的, 有甜味的",,,,,,
A+1400,1096,sacrifice,/sakrifals/,"n, /v PEs 奉献; 亏本出售",,,,,,
A+1400,1097,sacrilege,/'sekrlled3/,0. BUSEY),,,,,,
A+1400,1098,sacrosanct,/'sxkrovsankt/,"adj, 神圣不可侵犯的",,,,,,
A+1400,1099,saddle,/'sxd9l/,使某人负担,,,,,,
A+1400,1100,safeguard,/'selfga:rd/,"不 /保护, 保卫",,,,,,
A+1400,1101,sagacious,/se'gelfes/,"adj, A Hy",,,,,,
A+1400,1102,sage,/seid3/,"n, 智者",,,,,,
A+1400,1103,salacious,/se'leles/,"adj, AH, FBZEHY",,,,,,
A+1400,1104,salient,/'selliant/,"adj, AH), HAY: n, 凸角",,,,,,
A+1400,1105,salubrious,/so'lu:brias/,"adj, 有益健康的",,,,,,
A+1400,1106,salutary,/'sxljeteri/,"adj, 有益的, 有利健康的",,,,,,
A+1400,1107,salutation,/sxl.ju'telfen/,"n, 致敬, 打招呼 (表示欢迎和礼貌 )",,,,,,
A+1400,1108,sanctimonious,/seoktl'moUnies/,"adj, 假装神圣的, 道貌岸然的",,,,,,
A+1400,1109,i,/saeqkfn/,"v, 批准; 认",,,,,,
A+1400,1110,sanguine,/'sengwin/,"adj, 乐观的, 充满希望的; 红润的",,,,,,
A+1400,1111,sanity,/'sxnati/,"n, 神志正常, 明管",,,,,,
A+1400,1112,sartorial,/sa:r'to:tial/,"adj, HEH); ARE HY",,,,,,
A+1400,1113,scant,/skeent/,"adj, AEN, GLEAN: v, 14, Badj. 辅助的",,,,,,
A+1400,1114,scarce,/skers/,"adj, 缺乏的, 稀有的",,,,,,
A+1400,1115,scaremonger,/'skermangat/,BO a. oe OTe,,,,,,
A+1400,1116,schism,/'skizem/,"OB, FRURAD I.",,,,,,
A+1400,1117,scrutinize,/'skru:tenaiz/,"v, AF RE, AE",,,,,,
A+1400,1118,secondhand,/'sekondhand/,"adj, 二手的, 旧的, 间接的",,,,,,
A+1400,1119,secure,/si'kjor/,"adj, 安全的; 稳固的; v, 获得; 保护",,,,,,
A+1400,1120,seditious,/si'difes/,"adj, SILER",,,,,,
A+1400,1121,sam,/sv'dju:s/,"indeed 使不服从 ), 诱 …",,,,,,
A+1400,1122,sedulous,/'seds9les/,"adj, 勤奋认真的",,,,,,
A+1400,1123,seemly,/'si:mli/,"adj, 得体的",,,,,,
A+1400,1124,seep,/si:p/,"v, B",,,,,,
A+1400,1125,seethe,/si:0/,激动,,,,,,
A+1400,1126,segment,/'segment/,"vt, /n, 分割, 部分",,,,,,
A+1400,1127,segregate,/'segrigelt/,使隔离,,,,,,
A+1400,1128,self-abasement,/'selfe'basment/,"n, HA, Fadj. 辅助的",,,,,,
A+1400,1129,self-absorbed,/'selfeb'zorbd/,"adj, 自恋的, 自私的",,,,,,
A+1400,1130,self-aggrandizing,"/'selfa'grendizaizin,","adj, 自我扩张的 ( 仅用于抽象事物 )",,,,,,
A+1400,1131,self-defeating,/'selfdi'fi:tig/,"adj, 1 FEI",,,,,,
A+1400,1132,self-effacing,/selfi'fetsig/,"adj, 谦人还的, 不爱出风头的",,,,,,
A+1400,1133,self-evident,/self'evident/,"adj, 不言而喻的; 不证自明的",,,,,,
A+1400,1134,self-knowing,/'self'novin/,"adj, 有自知之明的",,,,,,
A+1400,1135,self-perpetuating,/selfpar'petfuelti/,eee 能使自身永久存在,,,,,,
A+1400,1136,self-regard,/'selfti'gard/,"n, 关注自身利益",,,,,,
A+1400,1137,self-righteous,/'self'raitfes/,"adj, 自以为是的",,,,,,
A+1400,1138,self-serving,/'self's3rvin/,"adj, 自私自利的",,,,,,
A+1400,1139,self-styled,/self'stalld/,"adj, 自称的, 自封的",,,,,,
A+1400,1140,seminal,/'seminl/,"adj, 开创性的, 影响深远的",,,,,,
A+1400,1141,senescence,/si'ngsens/,"n, 衰老, 变老",,,,,,
A+1400,1142,sensation,/sen'selfen/,"n, 感觉, 知觉",,,,,,
A+1400,1143,sensational,/sen'selflanel/,"adj, 答人听闻的, 大新闻的",,,,,,
A+1400,1144,sensitive,/'sensitiv/,"adj, 敏感的",,,,,,
A+1400,1145,sensuous,/'senfues/,"adj, 愉悦感官的",,,,,,
A+1400,1146,sententious,/sen'tenfes/,"adj, AH), Dime)",,,,,,
A+1400,1147,sentimental,/senti'mentel/,"adj, 伤感的, 多愁善感的",,,,,,
A+1400,1148,sentinel,/'sentinel/,"n, ye, 看守",,,,,,
A+1400,1149,septic,/'septik/,"adj, 腐败的感, 染的",,,,,,
A+1400,1150,sequential,/si'kwenfl/,"adj, 连续的, 按顺序的",,,,,,
A+1400,1151,sequester,/sl'kwester/,"使隔离, 使隐退, 没收",,,,,,
A+1400,1152,sever,/'sever/,"v, 切断, 断绝; 分离",,,,,,
A+1400,1153,shackle,/Jxkel/,"n, RAE, HES v, 束绢, 禁钢",,,,,,
A+1400,1154,shallow,/Jxlow/,"adj, 浅的; 肤浅的",,,,,,
A+1400,1155,sham,/Jem/,"n, 假冒, 编子; adji 虚假的; v 假装",,,,,,
A+1400,1156,shirk,/fa:tk/,"逃避, 规避",,,,,,
A+1400,1157,shoddy,/Ja:di/,"adj, 劣质的, 假冒的; 卑鄙的",,,,,,
A+1400,1158,shortcoming,/Jo:rtkamin/,"n, 缺点, 短处",,,,,,
A+1400,1159,short-lived,/Joirt'livd/,"adj, AY, ATHY",,,,,,
A+1400,1160,shrewd,/frud/,"agj. 精明的, 敏锐的",,,,,,
A+1400,1161,shriek,/Jrik/,"v, v/n, 尖叫, 尖声喊叫",,,,,,
A+1400,1162,shrink,/Juok/,"v, y 收缩, 缩小; 退缩",,,,,,
A+1400,1163,shun,/fn/,"v, AP. 回避",,,,,,
A+1400,1164,shy away,/Ja9'wel/,"回避, 避开",,,,,,
A+1400,1165,sidestep,/'saldstep/,"回避, 规避",,,,,,
A+1400,1166,sift,/sift/,第选; 细查,,,,,,
A+1400,1167,signify,/'signifai/,"让表示, TR, FAS",,,,,,
A+1400,1168,simplicity,/simplisti/,".简单, 朴素; KIL",,,,,,
A+1400,1169,singular,/'siggjaler/,"adj, 非几的, 单数的",,,,,,
A+1400,1170,skeptical,/'skeptikel/,a 和 dj. 怀疑的,,,,,,
A+1400,1171,sketchy,/'sketfi/,"adj, 粗略的; 不确定的; 草图似的",,,,,,
A+1400,1172,skittish,/'skiuf/,"adj, APH, nervous 的, 反复无常的",,,,,,
A+1400,1173,skulduggery,/skAl'dngeri/,"n, 欺骗",,,,,,
A+1400,1174,skullduggery,/skAl'dAgeri/,"n, 欺诈, 诡计",,,,,,
A+1400,1175,slack,/slak/,"adj, SHE",,,,,,
A+1400,1176,slake,/slelk/,使满足,,,,,,
A+1400,1177,slant,/slent/,"n, 观点",,,,,,
A+1400,1178,slapdash,/'slxpdef/,"oj 草率的, 马虎的",,,,,,
A+1400,1179,slate,/slett/,"wt 列入名单, 计划, 安排",,,,,,
A+1400,1180,sleazy,(steal,Sa SRSA ABE,,,,,,
A+1400,1181,sleek,/slizk/,"adj, Nv. EF)",,,,,,
A+1400,1182,slender,/'slender/,"adj, 菌条的, 细长的",,,,,,
A+1400,1183,slew,/slu:/,"n, 许多, 大量",,,,,,
A+1400,1184,slight,ov,was RY,,,,,,
A+1400,1185,sling,/slin/,"vi, -BEBE",,,,,,
A+1400,1186,slippery,/'sliperi/,eee min,,,,,,
A+1400,1187,slipshod,/'slipfod/,"adj, 粗心的, 随意的",,,,,,
A+1400,1188,sloppy,/'slapi/,"adj, JB, AREY",,,,,,
A+1400,1189,sloth,/slev0/,"n, 懒惰",,,,,,
A+1400,1190,slouch,/slavy/,oo te,,,,,,
A+1400,1191,sluggish,/'slagt{/,"adj, 行动迟缓的; 不景气的",,,,,,
A+1400,1192,slumber,/'slAmber/,"n, /v, 睡眼, 安睡",,,,,,
A+1400,1193,lahvee,/sla:s/,"n, 污点, 诽",,,,,,
A+1400,1194,smother,/'smAder/,"v, (使 ) Bs 抑制",,,,,,
A+1400,1195,snag,/snzxg/,"n, 障得, 意外困难; v, 绊住",,,,,,
A+1400,1196,snub,/snnb/,"v, v/n, 冷落, 印慢",,,,,,
A+1400,1197,sober,/'sovuber/,"— 清醒的; 严肃的, 冷静",,,,,,
A+1400,1198,sociability,/sovje'bilati/,"n, 社交性, 善于交际",,,,,,
A+1400,1199,solemn,/'sa:lam/,"adj, 庄严的, 严肃的",,,,,,
A+1400,1200,solidarity,/sa:li'dareti/,"n, 团结一致",,,,,,
A+1400,1201,somber,/'sa:mber/,"adj, 阴沉的; 忧郁的",,,,,,
A+1400,1202,somnolent,/'sa:mnelent/,"adj, 想睡的, 困倦的",,,,,,
A+1400,1203,soothe,/su:0/,"安慰, 抚慰; 缓和",,,,,,
A+1400,1204,sophist,/'sa:fist/,"n, 诡辩家",,,,,,
A+1400,1205,sophisticated,/s@'fistikeitid/,"adj, 53 ASHI; 精致的; 老练的",,,,,,
A+1400,1206,sordid,/'so:rdid/,"a 和 dj. 脏脏的, 皇吕的; 利欲标心的",,,,,,
A+1400,1207,sound,/savnd/,oe 合理的; 可靠的; v 听起,,,,,,
A+1400,1208,sovereignty,/'sa:vranti/,.主权; 独立自主,,,,,,
A+1400,1209,spartan,/spa:rten/,"adj, 简朴的, 艰苦的; 斯巴达的",,,,,,
A+1400,1210,spat,/spet/,"n, (小的 ) 争吵",,,,,,
A+1400,1211,spate,/spelt/,"n, 大量",,,,,,
A+1400,1212,spearhead,/'splrhed/,"n, 先锋部队",,,,,,
A+1400,1213,specious,/'spi:fes/,"adj, 虚假的",,,,,,
A+1400,1214,spectacular,/spek'tekjeler/,"adj, 壮观的, 惊人的; n, 壮观的场面",,,,,,
A+1400,1215,speculate,/'spekjulett/,"v, EM",,,,,,
A+1400,1216,speculation,/spekjo'leifan/,"n, 推测",,,,,,
A+1400,1217,spendthrift,"/'spend,Orift/","n, 挥霍的人, 浪费的人",,,,,,
A+1400,1218,spontaneous,/spa:n'telnies/,"adj, A ANY",,,,,,
A+1400,1219,sporadic,/spa'redik/,"adj, 断断续续的, 偶尔发生的",,,,,,
A+1400,1220,spunk,/spagk/,"n, 勇气, 胆量",,,,,,
A+1400,1221,spur,/sp3:t/,"刺激, 激励",,,,,,
A+1400,1222,spurious,/'spjueries/,"adj, 假的, 伪造的",,,,,,
A+1400,1223,spurn,/sp3rn/,拒绝,,,,,,
A+1400,1224,squabble,/'skwabl/,"n, 口角, 小争吵",,,,,,
A+1400,1225,squalid,/'skwalid/,"a 和 dj, 污秽的, 脏脏的",,,,,,
A+1400,1226,squall,/skewol/,A WR,,,,,,
A+1400,1227,squander,/'skwondor/,浪费,,,,,,
A+1400,1228,square,/skwer/,"n, 正方形; 广场",,,,,,
A+1400,1229,squat,/skwat/,"adj, 又矮又胖的",,,,,,
A+1400,1230,squelch,/skwelt{/,"消除, 镇压",,,,,,
A+1400,1231,squint,/skwint/,"v, essel, ABLE",,,,,,
A+1400,1232,stability,/sta'biliti/,"n, 稳定",,,,,,
A+1400,1233,stabilize,"/stelbe,lalz/","vt, /vi, 使稳定; 变得稳定",,,,,,
A+1400,1234,stable,/'stelbel/,"adj, 稳定的, 稳固的; 1.5)",,,,,,
A+1400,1235,stagger,/'stxgor/,"v, v, KBR",,,,,,
A+1400,1236,staggering,/'stegerig/,"adj, 令人震惊的",,,,,,
A+1400,1237,stalwart,/'sto:lwert/,"adj, 坚定的; n, 忠实拥护者",,,,,,
A+1400,1238,stamina,/'stemine/,"n, 耐力",,,,,,
A+1400,1239,stammer,/'staemer/,"并口吃, 结巴",,,,,,
A+1400,1240,stanch,/stent{/,"v, 止住 ( 血等 )",,,,,,
A+1400,1241,standstill,/standstil/,"n, 静止",,,,,,
A+1400,1242,staple,/'stelpl/,"adj, 必要的",,,,,,
A+1400,1243,startle,/'startel/,"wt 使吓一跳, 使大吃一惊",,,,,,
A+1400,1244,startling,/'startltg/,"adj, 令人惊讶的",,,,,,
A+1400,1245,starvation,/star'velfen/,"n, DUR",,,,,,
A+1400,1246,state,/stett/,"adj, 技术先进的",,,,,,
A+1400,1247,static,/'staetik/,"adj, 静态的, 不变的",,,,,,
A+1400,1248,stature,/'stalfer/,"n, 高度, 身高",,,,,,
A+1400,1249,staunch,/sto:nt{/,"aj. 坚定的, 上忠诚的; v, 止住 ( 血流 )",,,,,,
A+1400,1250,stave off,/stelv0:£/,"v, 避开; 延缓推迟",,,,,,
A+1400,1251,lerson,/stem/,"v, -BELIE, iii]; i",,,,,,
A+1400,1252,sterling,/'sta:tlig/,"adj, 优秀的, 纯正的; n, 英国货币",,,,,,
A+1400,1253,stifle,/'stalfl/,"抑制扼杀, 使室息",,,,,,
A+1400,1254,stingy,/'stind3i/,"adj, emi, CHI",,,,,,
A+1400,1255,stratified,/'streetifaid/,"adj, EN; 有等级的",,,,,,
A+1400,1256,striking,/'stratkig/,"adj, 显著的, 引人注目的",,,,,,
A+1400,1257,strip,/strIp/,"v, v 剥去, 剥夺; n 条, 带",,,,,,
A+1400,1258,stubborn,/'stAbern/,"adj, FSU, ESHA; 难处理的",,,,,,
A+1400,1259,stun,/stan/,"v, fadj. 辅助的etk, FTEs.震惊",,,,,,
A+1400,1260,stymie,/'staimi/,"阻碍, 妨碍",,,,,,
A+1400,1261,subordinate,/sa'bo:rdinat/(adj.);,oe Es Ps HLS,,,,,,
A+1400,1262,subsidize,/'sAbsidalz/,"资助, 补贴",,,,,,
A+1400,1263,subtle,/'sAtel/,"adj, Hy; 细微的; BETH",,,,,,
A+1400,1264,successive,/sek'sesw/,"adj, 连续的, 接连的",,,,,,
A+1400,1265,succumb,/sakAm/,"属服, 属从; 死于",,,,,,
A+1400,1266,suffocate,/'sAfekelt/,"v, (使 ) 室息, 压制",,,,,,
A+1400,1267,sullen,/'salen/,"adj, fh AE, BAABEY",,,,,,
A+1400,1268,superficial,/su:perffel/,"adj, 表面的; 肤浅的",,,,,,
A+1400,1269,superfluous,/su:'p3:rflues/,"adj, 多余的, 过剩的",,,,,,
A+1400,1270,supplant,/se'plant/,"了取代, 代替",,,,,,
A+1400,1271,supple,/'sApel/,"adj, KN; 灵活的",,,,,,
A+1400,1272,supplicate,/'sAplikett/,"v, BR, ZR",,,,,,
A+1400,1273,suppress,/se'pres/,"压制; 抑制, 阻止",,,,,,
A+1400,1274,surfeit,/'s3:rfit/,"n, 过量, 过度; viii",,,,,,
A+1400,1275,surly,/'s3:tli/,"adj, 脾气坏的, 阴郁的",,,,,,
A+1400,1276,surmise,/sormakz/,"v, /n, 推测, 猜测",,,,,,
A+1400,1277,surrender,/se'render/,"v, w/n, 投降; 放弃; 属服",,,,,,
A+1400,1278,surreptitious,/s3:19p'tfes/,"adj, 秘密的, 偷偷摸摸的",,,,,,
A+1400,1279,susceptible,/se'septebl/,aj 易受影响的,,,,,,
A+1400,1280,sustain,/se'stein/,维持; 支撑; RE; 确认,,,,,,
A+1400,1281,sway,/swel/,"v, v, /n, 摇摆; 影响; 统治",,,,,,
A+1400,1282,sycophant,/'sikefent/,"n, 奉承者, 马屁精",,,,,,
A+1400,1283,synonymous,/si'na:nimes/,"adj, 同义的",,,,,,
A+1400,1284,synoptic,/si'na:ptk/,"adj, 概要的",,,,,,
A+1400,1285,synthesis,/'sindesls/,"n, 综合, 合成",,,,,,
A+1400,1286,taciturn,/taslt3:rn/,"ad. RSA, Da AH",,,,,,
A+1400,1287,tactless,/'txktles/,"adj, 不机智的, 不得体的",,,,,,
A+1400,1288,taint,/teint/,"vi, ske, Hs; ate. RW",,,,,,
A+1400,1289,tantamount,/'tentemaunt/,"adj, 等于的, 相当于的",,,,,,
A+1400,1290,taxing,/'txksin/,"adj, SRA, Be IIE)",,,,,,
A+1400,1291,tedious,/ti:dies/,"adj, 宛长乏味的, 沉韶的",,,,,,
A+1400,1292,teem,/tim/,充满; 到处都是大量出现,,,,,,
A+1400,1293,temper,/'temper/,"v, 调和, 使缓和",,,,,,
A+1400,1294,temperate,/'temperet/,"adj, 温和的, 有节制的",,,,,,
A+1400,1295,temporary,/'tempereri/,"adj, 暂时的, 临时的",,,,,,
A+1400,1296,tenacity,/te'nesiti/,"n, e), FETE",,,,,,
A+1400,1297,tendentious,/ten'denfas/,"adj, 有偏见的, 宣传性的",,,,,,
A+1400,1298,tenuous,/'tenjues/,"adj, 脆弱的, 细微的; 含糊的",,,,,,
A+1400,1299,tepid,/'tepld/,"adj, 微温的; 不热情的",,,,,,
A+1400,1300,terrific,/te'rifik/,"adj, EN; 巨大的; 可怕的",,,,,,
A+1400,1301,terrifying,/'terlfallg/,"adj, Fv. HRY, 4 Area)",,,,,,
A+1400,1302,terse,/t3:18/,"adj, 简洁的, 简短的",,,,,,
A+1400,1303,testimony,/'testimouni/,"n, 证词, 证明; 证据",,,,,,
A+1400,1304,thorough,/'03:t00/,"a 和 dj. 彻底的, 完全的; 细致的",,,,,,
A+1400,1305,thrift,/orift/,"n, ite, 节约",,,,,,
A+1400,1306,thrill,/orl/,"n, A), eels v 使激动",,,,,,
A+1400,1307,thrive,/Bralv/,"繁荣, 苗壮成长",,,,,,
A+1400,1308,tilt,/tlt/,"v, /n, (使 ) 倾斜; 争论, 皇击",,,,,,
A+1400,1309,timely,/'tamli/,"adj, 及时的, 适时的",,,,,,
A+1400,1310,timid,/'timid/,"adj, JANA), 2tkHY",,,,,,
A+1400,1311,tolerate,/'ta:lareit/,"v, A, BS, Bit",,,,,,
A+1400,1312,tonic,/'ta:nik/,"n, Le shins a 和 gj. 涕补的, 令人振奋的",,,,,,
A+1400,1313,topple,/'ta:pel/,"推翻, 倒塌",,,,,,
A+1400,1314,tortuous,/iorfues/,oe 弯弯曲曲的; TCE AS,,,,,,
A+1400,1315,totemic,/too'temik/,"adj, 图腾的; 象征的",,,,,,
A+1400,1316,tractable,/'traktebel/,"adj, 温顺的; 易处理的",,,,,,
A+1400,1317,transgress,/tranz'gres/,违反,,,,,,
A+1400,1318,transient,/'trenzient/,"adj, 短暂的, 转瞬即逝的; n, 临时居民",,,,,,
A+1400,1319,transitory,/'ttenzeto:ri/,"adj, 短暂的, 瞬息的",,,,,,
A+1400,1320,treasure,/'te3er/,"v, v, 珍爱, 珍藏",,,,,,
A+1400,1321,tremendous,/trl'mendes/,"adj, BAW): 极好的",,,,,,
A+1400,1322,trenchant,/tentfont/,"oe 尖锐的; 有力的, 有效",,,,,,
A+1400,1323,trepidation,/trepl'deifan/,"n, et, Pak",,,,,,
A+1400,1324,tribute,/tebju:t/,"n, 贡品; 颂词; 证明",,,,,,
A+1400,1325,trifling,/'tralflig/,"adj, 7S REGAN, BARRY",,,,,,
A+1400,1326,truculent,/'teAkjalent/,"aj. 好斗的, 凶狠的, 野蛮的",,,,,,
A+1400,1327,truncate,/'ttAgkelt/,"v, A. MAT",,,,,,
A+1400,1328,tumultuous,/tu:'maltfues/,"adj, 骚乱的, 混乱的; 喧嚣的",,,,,,
A+1400,1329,turbid,/'ta:tbid/,"adj, 浑济的, 混乱的, 不清澈的",,,,,,
A+1400,1330,tyro,/'takod/,"n, 新手, 初学者",,,,,,
A+1400,1331,ubiquitous,/ju:'bikwites/,"adj, 无所不在的, 普遍存在的",,,,,,
A+1400,1332,umbrage,/'Ambrd3/,"aD, 生气; 树荫",,,,,,
A+1400,1333,unalloyed,/ana'loid/,"adj, 纯粹的, 不掺杂的",,,,,,
A+1400,1334,unassailable,/ane'scilabal/,"adj, 无懈可击的, 无可辩驳的",,,,,,
A+1400,1335,unassuming,/.Ane'su:min/,"agdj. 廊逊的, 不装腔作势的",,,,,,
A+1400,1336,unattainable,/Ana'telnebel/,"adj, 无法达到的, 难以实现的",,,,,,
A+1400,1337,unbalanced,/An'balenst/,"adj, 不平衡的, 不稳定的, 亲乱的",,,,,,
A+1400,1338,unblemished,/An'blemlft/,"adj, 无瑕盖的, 清和白的",,,,,,
A+1400,1339,unbounded,/an'baundid/,"adj, 无限的, 无约束的",,,,,,
A+1400,1340,unceasing,/an'si:sin/,"adj, 不停的, 持续的",,,,,,
A+1400,1341,unchecked,/an'tfekt/,"adj, 未受抑制的; 未经检查的",,,,,,
A+1400,1342,uncompromising,/Anka:mpremalzl9/,"adj, 不妥协的, 坚定的",,,,,,
A+1400,1343,undeniable,/Andl'nalebel/,"adj, 不可否认的, 无可争辩的",,,,,,
A+1400,1344,undercut,/.Ander'kAt/,"下前价竞争, 上暗中削弱; n, 底切",,,,,,
A+1400,1345,undermine,/Ander'maln/,"v, 逐渐削弱; 破坏基础",,,,,,
A+1400,1346,undo,/An'du:/,取消; RFPs 破坏,,,,,,
A+1400,1347,unencumbered,/Anin'kamberd/,"adj, 不受阻碍的, 没有负担的",,,,,,
A+1400,1348,unerring,/An'3:rm/,"adj, 准确无误的, 万无一失的",,,,,,
A+1400,1349,uneven,/An'iven/,"adj, 不平坦的; 不规则的; 不平衡的",,,,,,
A+1400,1350,unexampled,/Anig'zempeld/,"agdj. 无先例的, 空前的",,,,,,
A+1400,1351,unexceptional,/Anlk'sepfeanel/,"adj, 普通的, 平庸的",,,,,,
A+1400,1352,unfathomable,/Mn'fxdemebel/,"adj, 深不可测的, 难以理解的",,,,,,
A+1400,1353,unflagging,/an'flegin/,"adj, A AEENY. AMHREY",,,,,,
A+1400,1354,unflinching,/An'flintfin/,"aj. 坚定的, 不退缩的",,,,,,
A+1400,1355,unfounded,/Anfaondid/,"adj, 无根据的, 未建立的",,,,,,
A+1400,1356,unqualified,/nn'kwailifaid/,"adj, 无资格的; 绝对的, 彻底的",,,,,,
A+1400,1357,unravel,/An'ravl/,解开; 揭示,,,,,,
A+1400,1358,unremitting,/Anrl'mitin/,"adj, 不懈的, 持续的",,,,,,
A+1400,1359,unseemly,/An'si:mli/,"adj, 不适宜的, 不得体的",,,,,,
A+1400,1360,unsettling,/an'setlin/,"agj. 令人不安的, 扰乱的",,,,,,
A+1400,1361,unsurpassed,/Anser'past/,"adj, 无比的, 卓绝的",,,,,,
A+1400,1362,untenable,/An'tenebel/,"adj, 站不住脚的; 难以防守的",,,,,,
A+1400,1363,untether,/nn'tedar/,"v, AR FT RE. EI EH",,,,,,
A+1400,1364,untrammeled,/An'tremld/,"adj, 自由自在的, 无拘无束的",,,,,,
A+1400,1365,unwarranted,/an'wo:rentid/,oe 无保证的; 未经授权,,,,,,
A+1400,1366,unwieldy,/An'wi:ldi/,"adj, 笨重的, 难操作的",,,,,,
A+1400,1367,utopia,/ju:'toupia/,"n, 乌托邦, 理想国",,,,,,
A+1400,1368,utter,/Ater/,"v, eld, Bets adj, 完全的, 彻底的",,,,,,
A+1400,1369,vainglorious,/veln'glo:ries/,"adj, 自负的, 极度虚荣的",,,,,,
A+1400,1370,valediction,/vel'dkfen/,"n, e HI RE",,,,,,
A+1400,1371,valorize,/'veleraiz/,给予评价; 使增值,,,,,,
A+1400,1372,vanish,/'vent{/,"vi, BE. ARAL",,,,,,
A+1400,1373,vaporize,/'velparalz/,"v, (使 ) 蒸发; 消失",,,,,,
A+1400,1374,vehement,/'vi:ement/,"a 和 dj 激烈的热, 烈的",,,,,,
A+1400,1375,venal,/vi:nl/,"adj, 贪污的; 腐败的; 唯利是图的",,,,,,
A+1400,1376,venerate,/'venereit/,"v, GA, SRA",,,,,,
A+1400,1377,veracity,/ve'resati/,"n, 真实, 诚实",,,,,,
A+1400,1378,verbose,/ver'bous/,"adj, THY). MERAY",,,,,,
A+1400,1379,verisimilitude,/verIs'militu:d/,"n, 允真, 貌似真实",,,,,,
A+1400,1380,versatile,/v3irsetel/,"adj, 多才多艺的; 多功能的",,,,,,
A+1400,1381,vestige,/'vestid3/,"n, 残余, 痕迹",,,,,,
A+1400,1382,vigilant,/vid3lent/,"adj, 警惕的, 警觉的",,,,,,
A+1400,1383,vigorous,/vigeres/,"adj, 精力充沛的; 强有力的",,,,,,
A+1400,1384,volatile,/'va:letel/,"adj, RAEN; 易挥发的; 易变的",,,,,,
A+1400,1385,voluble,/'va:ljabel/,"adj, fA, CAEL AY",,,,,,
A+1400,1386,voracious,/ve'relfes/,ad). RAM; 狼吞虎咽的,,,,,,
A+1400,1387,wane,/wein/,"v, /n, pwd, 衰落; AG",,,,,,
A+1400,1388,wanting,/'wa:ntig/,"adj, 欠缺的, 不足的",,,,,,
A+1400,1389,wayward,/'welwerd/,"adj, 任性的, 不听话的",,,,,,
A+1400,1390,well-defined,/weldi'faind/,"adj, 明确的; 清晰的; 界限分明的",,,,,,
A+1400,1391,welter,/weltar/,"n, 混乱, 混杂; v-R. Ao",,,,,,
A+1400,1392,whimsical,/wimaikl/,iii 反复无常的; 古怪,,,,,,
A+1400,1393,wide-ranging,/wald'reind3in/,"adj, 范围广泛的",,,,,,
A+1400,1394,wield,/wi:ld/,"v, v 行使, 运用, 挥舞",,,,,,
A+1400,1395,wistful,/wistfel/,"adj, 尾帐的, 渴望的",,,,,,
A+1400,1396,witless,/'witles/,"adj, RANI, FORAY",,,,,,
A+1400,1397,wondrous,/'wAndres/,"adj, 奇妙的, 令人惊叹的",,,,,,
A+1400,1398,woo,/wu:/,"追求, 争取, 向.求爱",,,,,,
A+1400,1399,yield,[ji:1d/,"n, 产量; 收益",,,,,,
A+1400,1400,zealot,/'zelat/,"n, 狂热者, 盲信者",,,,,,
